entity_id,gnn_score
0,0.0
1,0.9
2,0.4
3,0.3
10383,0.4
4,0.3
5,0.1
6,0.2
7,2.1
8,0.4
9,0.0
10,0.5
11,0.6
12,0.4
13,1.2
14,0.1
15,0.7
16,5.5
17,0.3
18,2.0
19,0.1
20,0.4
21,0.2
9322,0.3
22,0.2
23,0.3
24,0.8
25,0.1
26,0.1
8760,0.4
27,0.1
264,0.3
10415,0.8
28,0.6
29,0.3
30,0.1
31,0.5
32,0.7
8953,0.1
10277,0.4
33,0.1
34,2.3
35,0.5
10299,1.5
10372,0.2
36,0.2
37,1.1
38,0.0
39,5.8
40,0.2
41,0.9
10303,0.2
42,0.1
43,1.0
44,0.2
45,0.2
46,0.5
47,0.0
48,0.9
49,4.0
50,0.1
51,0.5
52,0.3
53,0.4
54,1.5
55,1.7
56,0.4
57,0.2
58,0.6
59,0.4
60,0.5
7711,0.1
61,2.4
62,1.2
63,0.1
64,0.5
65,1.2
66,0.0
67,0.2
68,0.1
69,0.4
70,0.3
71,0.0
73,4.0
72,1.7
74,0.3
75,0.1
76,0.0
77,1.0
78,0.5
79,0.6
8452,0.0
80,0.0
81,0.4
82,0.2
83,0.2
84,0.6
85,0.2
10423,1.3
86,0.8
87,0.1
88,1.1
89,0.4
90,0.5
1670,1.1
91,5.2
929,0.2
92,0.6
5777,0.5
93,0.7
94,0.2
95,1.6
96,0.5
97,0.0
98,0.7
99,0.0
100,0.2
101,0.7
4821,0.4
102,1.8
103,1.0
10392,0.8
105,0.2
106,0.4
107,0.1
108,2.2
109,1.2
110,0.3
111,2.4
112,0.3
113,0.9
114,0.6
5346,0.6
8487,0.0
115,0.9
116,0.1
117,0.2
118,0.1
2403,0.4
2002,0.7
119,0.7
120,0.0
121,1.2
122,1.0
123,0.6
124,0.6
10215,1.2
125,0.2
126,0.2
127,0.9
128,2.1
129,0.1
130,0.1
10257,0.8
131,0.3
6697,0.7
6696,1.7
132,0.8
133,0.2
4065,0.2
134,0.8
135,3.0
136,0.1
137,0.4
138,0.5
139,0.1
140,0.0
141,0.5
142,0.6
143,0.2
144,0.5
145,0.8
146,1.4
147,4.8
148,0.1
149,0.5
150,0.1
151,0.4
152,0.8
153,0.1
154,0.2
155,0.1
156,0.2
157,0.1
158,0.0
159,0.2
160,1.0
161,2.9
5284,0.0
162,0.5
163,0.0
164,0.3
165,3.3
166,0.0
1614,0.4
167,0.1
168,1.3
10287,0.6
169,0.2
170,4.7
171,0.0
9594,0.0
172,0.5
7444,11.9
173,0.7
174,1.4
175,0.2
176,0.0
177,0.6
178,0.2
179,2.3
180,0.2
181,0.4
182,0.0
183,0.4
184,0.4
185,0.1
186,0.2
187,0.3
10301,2.8
10265,0.5
188,0.4
189,0.4
190,0.2
191,0.4
192,0.9
2174,0.5
5323,0.1
193,0.1
194,0.9
5768,0.5
195,0.2
196,0.7
197,0.0
198,1.2
199,0.6
200,0.5
201,0.1
202,1.7
203,0.1
204,0.1
205,0.2
206,0.1
6615,1.3
207,0.5
208,0.1
209,0.1
210,0.0
211,0.1
212,0.2
213,1.6
10376,2.2
10424,0.8
214,0.3
215,0.2
216,0.2
217,0.2
218,2.7
5332,0.3
9981,0.0
219,0.9
2430,0.3
10407,0.7
220,0.1
221,1.1
222,0.5
223,1.7
224,2.4
225,0.6
226,1.0
227,3.4
228,0.6
1643,1.4
229,0.2
230,0.0
231,0.7
232,0.2
233,1.1
234,0.0
235,0.2
236,0.2
237,1.4
238,0.5
239,0.0
4819,0.2
240,1.7
10012,0.1
241,0.9
242,0.5
243,0.7
244,0.8
245,0.2
246,1.7
247,3.6
10213,0.3
248,0.0
249,0.5
250,1.0
251,1.5
252,0.6
253,1.0
1944,1.0
254,0.5
255,0.0
256,0.1
257,0.6
258,0.1
259,0.0
260,2.4
261,0.5
10413,0.1
262,0.0
263,0.1
5792,2.1
265,0.1
266,6.0
7644,0.1
267,0.5
268,0.2
269,9.4
270,0.1
271,1.2
272,0.2
273,0.2
274,0.3
275,0.9
276,0.3
277,0.0
278,0.2
279,1.2
280,0.8
281,0.5
282,0.1
283,0.2
10512,0.6
284,1.3
285,0.0
10398,1.9
286,1.9
287,0.0
288,1.6
289,0.7
290,1.1
291,0.1
292,1.3
293,0.1
294,0.1
295,0.1
296,0.7
297,0.1
298,0.1
299,0.1
300,0.2
5636,0.2
301,1.6
302,1.0
303,0.1
304,1.3
305,0.1
413,0.3
306,0.2
307,0.0
308,0.3
309,0.0
310,0.2
311,0.4
312,0.3
313,0.4
5020,0.9
314,0.4
315,0.0
316,0.2
317,0.1
318,0.1
319,0.1
320,0.5
321,0.1
322,0.7
323,0.0
324,0.6
325,0.3
326,0.3
327,0.2
328,0.7
329,2.5
330,0.4
331,0.1
332,1.3
333,0.6
334,1.2
335,0.2
336,0.7
4735,0.2
337,0.1
338,0.9
339,0.2
340,0.3
341,2.3
342,0.4
343,5.9
344,0.5
1053,2.9
1052,2.7
345,0.6
346,0.0
347,1.4
348,0.6
349,0.0
350,0.8
351,0.3
352,0.9
353,0.6
354,1.6
355,2.1
9746,6.0
356,0.1
357,3.6
358,0.7
359,0.0
360,0.1
361,0.0
362,0.6
363,0.1
811,0.2
10445,0.5
364,0.8
10422,0.8
365,0.1
5966,1.2
366,0.1
367,3.5
368,0.1
369,0.4
370,0.2
371,0.1
372,0.2
373,0.0
374,3.0
375,1.2
376,1.3
377,0.2
378,0.4
6342,1.5
379,13.4
380,0.2
6886,0.1
8004,2.8
381,0.1
382,0.2
574,0.2
383,0.8
384,0.8
385,1.4
386,2.6
387,1.4
388,0.1
389,0.4
390,0.4
391,0.5
392,0.0
393,0.2
394,0.0
395,1.2
396,0.7
397,0.1
398,0.4
399,0.6
400,0.4
401,0.8
402,0.0
403,0.2
404,4.3
405,0.2
406,1.0
407,0.2
408,4.6
409,0.3
410,0.4
411,0.5
412,12.6
414,2.2
415,0.1
416,0.0
417,1.8
10211,0.4
418,0.4
419,0.8
9439,11.8
10483,0.4
6361,4.6
420,0.6
421,2.7
946,0.1
422,0.8
423,0.0
424,0.4
10475,0.4
425,2.0
426,3.9
427,0.6
428,0.0
10469,0.2
429,0.3
430,1.0
431,0.2
432,0.1
433,0.5
434,0.3
435,1.0
436,0.5
437,0.7
438,0.8
8106,0.3
439,0.5
440,0.8
441,0.1
442,0.2
443,0.1
444,0.3
2308,0.9
9459,1.8
445,1.4
6701,0.3
446,0.4
447,0.9
448,0.1
449,0.0
450,0.8
451,0.6
452,1.1
453,0.3
454,1.1
455,2.9
456,0.3
457,7.3
458,0.3
459,0.4
9370,0.0
460,0.2
461,1.3
7745,0.0
462,1.0
463,0.8
464,0.0
465,1.3
466,0.3
467,0.2
468,0.0
469,0.6
470,2.2
10272,1.2
471,1.2
472,0.0
473,0.5
474,0.1
475,1.2
476,0.2
477,0.1
2255,0.4
478,0.5
479,0.8
480,0.2
7190,0.0
481,0.0
3821,0.9
2939,0.8
482,0.1
9529,0.0
1395,0.5
8652,0.0
483,0.3
10429,0.2
1114,0.6
484,0.3
485,0.8
9136,0.0
486,0.4
2556,0.2
487,0.0
488,2.4
489,0.1
490,0.4
491,0.4
492,0.5
493,0.2
10491,0.5
494,1.5
495,0.1
496,0.2
497,1.3
498,2.4
2260,1.1
499,0.2
500,0.2
501,0.0
502,0.5
503,0.1
504,0.6
4674,0.1
505,5.9
506,0.5
507,0.2
508,0.3
509,0.8
510,0.7
511,0.2
9976,0.0
512,0.2
2440,0.6
513,0.2
514,0.3
515,0.1
5962,0.6
4158,0.8
516,0.1
517,2.7
587,0.7
3150,0.3
518,0.4
519,1.1
520,0.1
521,0.0
522,0.7
523,0.3
2620,0.1
524,0.5
525,0.1
526,0.0
527,0.6
528,1.3
529,0.3
530,0.8
10411,0.2
531,0.2
532,0.4
533,3.4
4954,1.4
534,0.1
535,1.4
536,1.1
537,2.6
538,0.7
539,0.1
540,0.6
10460,0.2
542,5.0
541,4.0
543,0.0
544,2.6
7424,0.0
545,0.0
546,1.9
547,0.0
548,0.3
549,0.2
550,1.5
551,0.7
552,0.1
9465,0.0
553,0.5
554,0.8
555,0.1
556,0.0
557,0.1
558,0.0
559,0.2
6743,2.4
560,1.2
561,0.1
562,0.0
563,0.8
564,4.0
600,0.8
599,1.2
565,0.3
3025,0.5
566,0.1
567,0.5
568,0.2
569,4.2
5933,1.0
570,0.1
571,0.3
572,1.0
573,4.4
575,0.2
576,0.1
5195,4.4
577,0.0
578,0.0
579,0.1
580,0.0
581,22.5
6365,0.6
582,0.8
583,0.2
584,0.3
585,8.3
586,5.8
588,0.8
589,0.2
590,0.1
591,0.2
5805,0.3
592,0.0
593,0.1
594,0.1
595,1.1
596,0.0
597,0.6
598,1.4
601,0.0
602,0.2
603,0.1
604,0.4
605,0.3
10444,0.1
606,0.9
10389,1.0
607,0.0
608,0.6
6250,0.2
609,0.1
610,6.0
611,3.1
612,0.4
613,0.3
614,0.3
615,0.4
616,0.1
617,0.2
618,0.4
619,0.8
620,2.8
6348,0.7
621,0.6
622,1.0
623,0.1
624,0.7
625,0.3
626,58.4
627,0.1
2823,1.1
628,0.2
629,0.2
630,0.6
631,0.2
632,0.2
633,0.3
634,0.2
6862,1.0
635,4.7
636,4.1
2011,0.5
6441,0.4
637,0.4
2048,0.5
639,2.5
638,3.9
640,1.0
641,0.2
642,0.5
643,1.1
2860,0.4
644,0.2
645,0.0
646,1.9
647,2.7
648,0.2
649,0.3
650,0.7
651,0.2
652,0.5
653,0.2
654,0.8
4897,1.3
655,3.0
656,0.2
657,0.5
658,0.4
10442,0.6
659,0.5
660,0.4
661,0.4
7313,1.3
662,1.5
663,0.8
664,0.1
665,0.2
666,0.0
667,0.7
5972,2.8
5973,1.5
668,0.2
669,1.4
670,0.2
671,0.4
672,0.2
673,0.6
674,0.9
675,0.1
676,0.1
677,0.1
678,0.1
679,0.3
680,6.2
681,0.0
4131,0.4
682,0.2
683,0.5
684,0.0
685,0.8
686,0.1
687,0.2
688,0.1
689,0.2
690,0.6
691,0.2
692,0.1
693,0.5
694,0.0
695,1.2
696,0.9
9156,0.1
697,0.5
3361,1.0
698,0.1
699,1.5
700,0.2
701,0.3
702,1.6
703,0.3
704,1.3
705,2.4
706,0.2
8592,0.2
707,0.2
708,0.6
709,0.2
710,2.0
711,0.1
9648,0.1
712,0.6
713,0.6
714,0.2
715,0.2
716,0.5
7100,0.8
718,8.6
717,2.7
719,0.6
720,0.4
721,0.0
722,2.3
723,0.1
724,0.1
3776,0.0
725,0.0
726,0.2
727,1.4
4312,0.6
728,0.1
729,0.4
730,0.9
731,0.1
732,0.4
733,0.3
10459,0.4
2357,0.2
734,5.9
735,1.0
736,4.4
737,0.0
3649,0.8
738,1.0
5522,0.3
739,1.5
740,6.0
741,0.4
742,0.5
743,0.2
744,0.5
745,0.1
8418,0.0
746,0.4
747,0.6
748,0.3
749,0.0
750,0.3
751,0.1
752,2.5
753,0.2
754,0.9
755,0.0
756,0.8
757,0.1
758,0.2
759,5.0
760,4.2
761,0.5
9215,0.0
762,0.2
10535,0.2
763,0.0
764,1.0
765,0.5
766,8.3
767,0.3
768,1.5
769,0.2
770,0.5
771,0.0
5950,0.4
772,0.5
773,0.1
774,0.2
775,0.5
776,0.2
777,0.0
778,0.1
779,0.5
10285,0.9
4198,0.3
780,0.1
781,0.5
782,2.1
783,0.5
784,1.7
785,0.3
786,0.1
787,0.5
788,0.1
789,0.2
790,0.1
791,0.9
4450,0.9
792,7.8
793,0.3
794,0.0
795,0.4
796,0.3
797,0.9
798,0.2
8941,0.1
799,0.0
800,0.8
801,0.6
802,2.9
803,0.7
9528,4.3
804,0.0
805,0.4
806,0.0
807,0.1
808,0.0
809,1.2
810,0.2
3886,4.0
3887,1.7
812,1.0
7285,0.1
813,0.6
7219,0.0
814,0.0
3325,1.7
815,0.5
816,0.3
7926,0.1
817,0.9
818,0.1
819,0.3
820,3.2
2265,0.8
4393,0.6
821,1.7
822,0.3
823,0.6
2528,0.6
824,0.6
825,0.1
826,1.0
10368,1.5
827,1.0
828,4.2
829,3.4
830,0.1
831,0.2
8375,0.1
832,0.2
833,1.7
8568,0.2
834,0.7
835,0.0
836,0.1
837,0.3
838,0.5
839,0.9
840,0.2
841,0.8
842,3.6
2847,0.8
843,0.5
844,0.6
8944,5.8
6299,0.1
845,0.4
846,0.3
847,0.1
848,0.4
849,0.1
850,0.5
851,0.4
852,1.2
853,25.4
2989,0.4
854,0.9
856,1.4
855,1.8
9597,0.7
857,0.1
858,0.6
859,0.1
860,0.1
861,0.0
862,0.6
863,0.1
864,0.0
865,1.7
866,0.1
867,0.9
868,0.4
869,0.3
870,0.1
871,0.5
872,0.1
4299,0.4
873,0.6
874,0.2
875,0.2
876,0.1
8670,1.2
877,1.2
878,0.9
3646,0.1
879,0.8
880,0.3
881,0.6
882,0.2
883,0.7
884,0.5
3056,1.1
885,0.0
886,0.0
887,0.3
9300,0.7
888,0.2
3151,0.2
889,2.0
890,0.0
891,7.5
10279,1.5
892,0.9
893,0.5
894,0.5
895,1.4
896,3.1
897,0.1
898,0.9
6878,0.0
899,0.7
900,0.1
901,0.8
902,4.4
903,6.9
904,0.2
905,28.2
906,1.1
907,0.7
908,0.0
909,1.5
910,0.1
3228,0.3
911,0.2
912,0.5
913,0.8
914,0.4
10380,2.4
915,0.0
916,0.3
3511,0.6
917,1.0
918,0.2
919,5.6
920,2.7
921,1.0
7319,0.0
922,0.1
923,0.0
924,0.1
925,1.6
926,0.3
927,0.7
928,0.7
930,2.5
931,0.1
932,0.1
933,0.0
934,0.8
935,1.5
936,0.7
937,0.3
938,0.0
939,0.0
940,1.0
941,0.1
942,0.5
943,0.4
944,1.6
945,0.2
947,0.8
948,0.1
949,0.0
950,2.0
9185,7.3
951,0.2
952,0.4
953,0.1
954,10.5
955,0.1
956,0.2
957,0.1
958,0.4
959,0.1
960,3.7
961,0.1
962,1.6
963,2.5
964,0.0
965,1.3
966,0.2
967,0.2
968,0.3
969,0.2
970,0.1
971,0.0
972,0.2
973,1.1
974,0.1
975,0.8
976,0.1
977,0.7
978,0.0
979,0.4
980,0.6
1512,0.8
981,0.3
982,0.3
10498,0.2
983,1.1
984,0.7
985,0.5
10137,3.2
986,0.1
987,0.0
6220,1.0
988,0.5
989,1.4
990,0.3
991,42.5
992,83.8
993,0.2
994,2.6
995,0.4
996,0.4
997,0.1
998,0.3
6859,0.5
999,0.0
2131,2.3
1001,1.8
1000,1.0
1002,0.9
10019,0.1
2340,4.9
1003,0.3
1004,0.1
2728,17.7
7491,0.4
1005,1.6
1006,3.8
7172,0.1
1007,7.8
1008,0.0
10297,0.4
1009,0.3
1010,0.0
1011,0.8
1012,0.6
1013,0.4
9406,0.1
1014,0.0
1015,0.1
1016,0.2
1017,0.2
1018,0.3
7070,0.0
1019,0.3
1020,0.0
1021,0.5
1022,0.8
1023,0.0
1024,0.1
1025,0.2
1026,0.0
1027,0.0
1028,0.2
1029,0.5
4652,0.4
1030,0.6
1031,0.2
6036,0.1
1032,1.7
1033,0.3
1034,0.2
1035,0.1
4692,1.0
1036,0.3
1037,0.1
1038,0.3
1039,0.2
1245,0.4
1040,0.5
1041,0.3
1043,0.9
1042,0.6
1044,3.1
1045,0.2
1046,0.7
1047,0.8
1048,3.1
1049,1.5
1050,0.6
1051,1.5
1054,0.3
6451,0.4
1055,0.3
1056,0.1
4930,0.5
1057,0.5
1058,4.4
1059,1.6
1060,1.1
1061,0.9
1062,0.2
2643,2.2
1063,0.1
1064,0.1
1066,3.4
1065,3.1
1067,0.4
1068,0.0
1069,0.2
4068,0.1
1070,0.6
3597,0.2
1071,5.5
1072,0.7
1073,0.4
1074,0.1
1075,0.6
1076,0.4
1077,2.1
1078,0.1
1079,1.7
1080,1.2
1081,0.4
1082,0.3
1083,0.2
1084,1.3
10500,0.2
1085,0.8
4062,0.5
1086,5.0
1087,0.0
1088,0.6
1089,0.6
1090,0.2
1091,1.4
1092,0.1
1093,0.4
1094,0.1
1095,0.4
1096,0.5
1097,0.1
10499,0.1
1098,0.9
1099,0.5
1100,0.2
1101,0.3
1102,0.4
1733,0.3
3433,1.4
1103,0.3
1104,0.0
1105,0.7
1106,0.7
1107,2.6
1108,0.1
1109,0.1
1110,0.6
10463,0.6
1111,0.3
4141,0.6
1112,0.4
1113,0.8
7083,0.1
1115,0.3
7105,0.4
1116,0.8
10378,0.4
1117,0.1
1118,0.6
1120,1.4
1119,1.0
1121,0.6
1122,0.3
3482,0.3
10365,0.2
1123,2.4
1124,0.1
1125,2.4
1126,0.9
1127,7.3
1128,0.7
1129,0.0
1130,0.6
1131,0.1
1132,0.4
1133,3.4
1134,0.9
1135,1.0
1136,0.0
1137,0.2
1138,0.1
4676,2.6
1139,0.0
1140,1.1
1141,0.1
1142,0.1
1143,0.1
1144,0.5
1145,0.8
1146,0.0
1147,2.1
1148,0.9
1149,0.4
1150,0.4
1151,0.5
6723,1.4
1152,0.0
1153,2.6
1154,0.1
1155,0.6
1156,0.1
1157,0.3
1158,0.2
1159,0.7
3293,0.5
10420,0.5
1160,0.5
1161,0.4
1162,2.5
1163,0.3
10269,0.3
1164,0.7
1165,0.4
1166,0.6
1167,0.0
1168,0.5
1169,0.5
10421,0.6
1170,0.8
1171,0.6
1172,0.2
1173,0.0
2192,0.3
1174,0.9
1175,0.1
1176,0.3
1873,0.6
1598,1.3
1177,0.0
1178,0.7
5421,0.6
1179,0.3
1266,0.5
1180,0.0
1181,0.4
1182,0.0
1183,0.2
1184,0.7
7379,0.1
1185,0.0
1186,1.1
1187,0.0
1188,0.1
1189,0.0
1190,1.5
1191,0.5
1192,3.7
1193,0.0
1194,0.4
6912,0.1
1195,0.0
1196,0.0
1197,2.2
1198,0.3
1199,1.5
1200,0.1
1201,0.3
1202,0.2
1203,0.0
1204,1.5
1205,2.1
1206,0.0
1207,0.0
1208,0.1
1209,0.8
1210,0.1
6956,0.0
9018,0.0
1211,0.4
1212,0.5
1213,0.0
1214,0.0
1215,0.1
1216,2.2
1217,2.4
1218,0.2
1219,0.1
1220,0.0
1221,0.2
1222,0.3
1223,0.6
1224,1.2
1225,0.0
1226,0.4
1227,0.1
1228,5.9
1229,0.3
1230,0.3
1231,2.7
8493,0.1
8103,0.0
1608,0.6
1232,0.3
10209,0.1
5014,1.5
1233,0.3
1234,0.6
1235,0.5
1236,4.4
1237,3.6
1238,2.3
1239,0.3
1240,0.2
1241,1.0
9961,0.6
1242,0.3
1243,0.1
1244,0.6
1246,0.0
1247,1.6
1248,0.6
1249,0.2
1250,0.4
10480,0.4
1251,0.4
5384,1.0
1252,0.4
1253,0.9
1254,0.0
1255,0.3
1256,1.9
1257,0.5
1258,0.6
10486,0.7
1259,0.3
1260,0.0
1261,0.5
1262,0.4
1263,0.1
1264,0.7
1265,0.7
1267,0.0
1268,0.1
1269,1.1
1270,0.4
1271,0.4
1272,1.0
1273,1.1
3509,0.3
1274,0.1
5995,0.2
1275,3.7
1276,0.3
1277,2.0
1278,0.3
1279,0.1
1280,0.8
1281,1.5
1282,0.5
8394,0.1
10233,1.0
1283,0.2
1284,1.3
1285,1.0
1286,1.3
7366,0.0
1287,0.3
1288,4.7
1289,0.0
1290,1.4
2202,0.6
1291,0.2
1292,1.6
1293,0.1
10305,1.9
1294,0.6
1295,0.2
1296,1.4
1297,8.3
1298,2.5
1299,1.2
1300,0.8
1301,0.0
1302,0.2
1303,0.3
1304,0.2
1305,1.0
1306,0.1
7305,0.1
7137,0.0
1307,1.4
1308,0.1
1309,0.7
1310,0.1
1311,0.0
1312,0.1
1314,0.9
1313,0.4
1315,4.9
1316,0.2
1317,0.9
1318,0.4
1319,0.4
1320,0.2
1321,0.0
1322,0.7
1323,2.0
1324,0.2
1325,0.1
1326,0.1
1327,3.4
1328,0.4
1329,0.2
4239,1.5
1330,0.1
1331,0.6
1332,2.1
1333,0.2
1334,0.5
1335,0.0
1336,0.3
10410,0.7
1337,0.3
1338,0.9
1339,2.2
1340,0.1
2122,0.4
1341,0.2
1342,0.9
1343,0.8
1344,0.4
6191,0.2
1345,0.2
5132,0.6
7148,0.0
1346,0.2
1347,0.3
7090,0.6
10320,0.2
1348,0.1
1349,0.4
7845,0.1
1350,0.6
8732,0.0
1351,0.9
1352,0.5
1353,0.8
1354,2.0
1355,18.0
1356,10.6
1357,0.0
1688,0.4
1358,0.0
1359,3.3
1360,0.2
1361,3.2
1362,0.9
1363,0.6
7001,0.4
1364,0.7
9760,0.0
1365,0.3
1366,0.5
10225,1.5
7030,0.3
4194,0.2
1367,1.1
1368,0.4
1369,1.6
1370,0.5
1371,0.1
1372,1.2
1373,0.5
1374,1.0
1375,0.8
1376,2.4
1377,0.2
1378,0.0
1379,0.9
1380,1.9
1381,0.2
1382,0.6
1383,0.1
1384,0.1
9051,0.6
1385,0.1
1386,0.1
2975,0.9
1387,0.6
1388,0.1
4358,0.6
1389,0.2
1390,0.2
1391,3.8
1392,0.6
1393,0.2
1394,0.4
1396,0.0
1397,0.1
1398,3.0
9507,0.0
1399,0.6
10342,1.3
5870,0.5
1400,2.0
1401,1.3
1402,0.1
1403,0.6
1404,0.0
5643,0.1
1405,0.1
1406,0.2
1407,0.2
1408,1.1
1409,0.1
1410,0.3
1411,0.7
1412,0.9
1413,0.5
5626,1.2
1414,0.3
1415,0.2
1417,0.2
1418,0.2
1419,0.2
1420,0.8
1421,0.2
9257,0.0
1422,0.3
1423,2.7
1424,0.4
1425,2.6
9245,0.1
1426,0.8
1427,0.4
1428,0.1
1429,1.0
1430,0.5
1431,0.8
1432,0.1
1433,0.3
1434,0.2
1435,0.2
1436,0.2
1437,0.2
1438,3.7
1439,0.1
1440,2.0
1441,0.5
7543,0.0
9012,0.3
1442,0.1
1443,0.6
1444,0.5
1445,0.1
1446,3.9
1447,0.6
6218,0.9
1448,0.0
1449,0.4
1450,0.1
1451,0.3
1452,1.5
1453,0.2
1454,0.2
1455,0.3
1456,2.1
1457,1.9
1458,0.1
1459,11.3
7177,1.7
1460,1.2
1461,0.7
10332,0.6
1462,0.3
1463,0.0
1464,0.3
1465,0.2
1466,0.3
1467,0.8
1468,0.5
1469,0.1
1470,0.1
1471,0.1
1472,0.4
1473,0.6
1474,0.1
1475,0.9
1476,0.0
1477,0.1
10235,0.5
1478,0.5
1479,0.1
1480,0.2
1482,0.8
1481,0.6
1483,0.1
1484,1.5
1485,1.2
1486,2.8
1487,0.4
1488,0.0
1489,1.2
1490,0.1
1491,0.4
1492,1.0
1493,0.1
1494,0.3
1495,1.3
1496,0.0
1497,0.0
1498,0.2
1499,0.3
1500,0.2
1501,2.5
1502,0.0
1503,0.1
1504,0.1
1505,0.4
1506,0.2
1507,0.1
1508,0.6
1509,0.5
1510,0.8
1511,0.3
1513,0.6
2783,1.8
1514,0.2
1515,0.5
1516,0.5
1517,0.1
1518,0.0
1519,0.7
1520,0.3
1521,1.3
1522,0.0
1529,0.5
1523,0.4
1524,1.1
1525,1.7
1526,0.4
1527,1.8
1528,0.1
1920,0.2
1530,0.2
2201,0.5
1531,1.8
1532,0.3
1533,0.2
1534,0.5
1535,0.1
1536,0.6
9565,0.0
1537,1.4
1538,0.4
1539,0.0
1540,0.0
1541,0.2
1542,1.4
1543,0.4
1544,1.8
1545,1.8
1546,0.2
5390,0.6
1547,0.2
10304,14.5
1548,0.8
1549,0.4
3046,0.4
3045,0.5
1550,0.0
8629,0.5
5606,0.9
1551,1.5
1552,1.0
1553,2.5
1554,1.1
1555,5.9
1556,6.3
1557,0.3
2532,0.3
1558,0.1
1559,0.1
1560,0.3
1561,2.3
2064,0.4
1562,0.1
1563,0.3
1564,0.5
1565,0.7
1566,0.2
1567,5.9
1568,2.7
1569,0.1
1570,0.2
1571,1.3
5678,0.1
1572,0.1
3214,0.2
1573,0.2
1574,1.0
1575,0.4
1576,0.1
1577,0.1
1578,0.2
10502,0.2
1579,11.9
1580,0.2
1581,4.8
1582,2.1
1583,0.1
1584,0.3
1585,1.2
1586,0.6
1587,0.0
1588,0.7
1589,0.8
1590,1.5
1591,0.5
1592,0.4
1593,1.7
1594,0.1
1595,0.2
5161,1.3
1596,4.2
1597,0.8
1599,0.0
1600,0.2
1601,0.1
1602,1.2
1603,4.9
2804,0.1
1604,0.0
1605,0.5
1606,0.4
9831,0.1
1607,0.3
1609,0.2
1610,4.1
1611,0.9
1612,0.8
1613,1.0
1615,0.2
1616,0.0
1617,0.8
1618,0.5
1619,1.3
9591,0.4
1620,0.7
1621,0.1
1622,0.1
1623,0.5
1624,0.2
1625,0.0
1626,0.3
1627,0.1
1628,0.2
1629,0.3
1630,0.3
1631,0.8
1632,0.3
1633,0.2
1634,0.9
1635,0.6
1636,0.2
1637,0.3
1638,0.5
1639,0.2
1640,1.1
1641,9.6
1642,0.2
7135,0.3
2038,0.3
2878,0.2
1644,0.0
1645,0.2
1646,0.6
8752,7.6
7594,0.0
1647,0.6
1648,0.0
1649,0.0
1650,0.2
5669,0.4
1651,1.0
6522,0.2
1652,0.3
1653,0.4
1654,0.0
1655,0.1
2039,1.4
1656,0.0
1657,0.1
1658,0.7
1659,0.4
1660,0.3
6838,100.0
3262,0.3
1661,0.4
1662,0.1
1663,0.7
1664,0.0
1665,0.0
7060,0.0
1666,0.7
10454,1.0
5540,0.2
10397,0.3
1667,0.6
1668,1.0
1669,0.6
3343,0.3
1671,0.2
10537,0.5
1672,1.4
1673,0.1
1674,1.0
1675,2.9
5115,0.1
1676,0.1
1677,2.2
1678,0.7
1679,0.9
1680,0.0
1681,0.5
1682,0.6
10339,0.6
1683,3.8
1684,2.1
1685,0.2
1686,1.7
1687,0.4
10539,71.4
10540,83.9
1689,32.7
1690,0.0
1691,0.1
1692,0.4
1693,0.3
10466,0.7
7064,0.4
1694,3.9
2578,0.5
1695,0.1
5535,0.7
10278,1.1
1696,0.6
1697,4.2
1698,1.3
1699,0.0
1700,0.4
9913,0.4
1701,0.1
1702,0.4
1703,1.1
1704,1.9
1705,0.1
1706,6.7
1707,5.4
1708,0.0
1709,0.4
1710,0.6
1711,0.5
6298,0.2
1712,0.0
1713,0.1
1714,2.5
1715,0.2
1716,0.4
1717,1.1
1718,0.1
1719,0.5
1720,1.3
1721,9.9
1722,0.3
1723,0.3
1724,0.5
1725,0.0
10402,0.3
1726,0.0
1727,1.6
1728,1.4
1729,0.1
1730,0.0
1731,0.4
1732,0.0
4329,0.2
1734,6.6
1735,0.1
1736,0.4
1737,2.2
1738,0.6
1739,0.0
1740,2.2
1741,2.9
1742,0.4
1743,0.1
1744,1.2
1745,0.0
5478,0.6
1746,0.0
1747,0.8
10331,0.6
1748,3.4
1749,2.6
1750,1.0
1751,0.4
1752,0.0
1753,0.7
1754,0.3
1755,0.9
1756,4.2
1757,0.1
1758,0.3
1759,0.1
1760,3.3
1761,0.0
1762,0.6
1763,0.1
1764,0.1
1765,0.4
1766,0.1
1767,0.2
1768,1.7
1769,0.1
1770,0.6
1771,0.2
1772,2.0
1773,0.4
10479,0.8
1774,0.2
1775,0.1
1776,2.3
1777,2.3
1778,0.9
1779,0.1
1780,0.2
1781,1.9
1782,0.2
1783,0.7
1784,0.6
1785,0.1
1786,0.1
1787,0.0
1788,2.7
1789,1.9
1790,0.1
1791,0.3
1792,0.3
1793,8.3
1794,1.5
1795,0.2
1796,1.0
1797,0.2
1798,0.6
1799,0.1
1800,0.2
1801,3.0
1802,7.3
1803,0.2
10117,0.2
1804,0.1
1805,1.4
2267,1.3
1806,0.2
1807,5.9
1808,2.5
1809,1.3
1810,1.4
10349,0.2
2484,0.8
1811,0.0
1812,0.6
1813,0.8
1814,0.1
1815,0.1
10274,1.2
1816,0.0
1817,0.3
1818,4.3
1819,13.4
1820,0.1
1821,0.2
1822,2.1
1823,0.3
1824,1.5
1825,0.8
1826,0.3
1827,0.0
1828,0.2
1829,0.3
4585,0.6
1830,0.3
1831,0.2
1832,0.2
1833,0.0
1834,0.0
1835,0.3
1836,2.0
1837,1.9
1838,0.4
7215,0.1
1839,0.3
1840,1.7
1841,0.6
1842,0.4
1843,0.1
1844,0.1
1845,0.7
10286,0.8
1846,0.3
1847,0.6
1848,7.9
1849,1.8
1850,1.5
1851,0.6
1852,0.2
1853,0.8
1854,0.3
1855,0.2
1856,0.3
1857,0.5
1858,0.6
1859,0.1
1860,0.5
1861,0.5
1862,0.0
1863,0.0
1864,0.2
1865,1.6
1866,0.3
1867,0.7
1868,0.5
2464,1.5
1869,0.2
1870,0.3
6321,4.0
1871,0.8
1872,0.1
1874,0.0
1875,0.2
1876,0.1
1877,0.8
8329,0.1
1878,0.1
1879,0.1
1880,0.5
1881,1.3
1882,11.5
1883,0.4
1884,0.1
1885,1.0
1886,0.5
1887,0.5
1888,0.3
1889,0.8
1890,1.0
1891,4.2
1892,1.1
1893,0.8
1894,0.6
7768,0.4
1895,0.5
1896,0.3
8245,0.1
1897,0.2
5353,2.7
5354,1.7
1898,0.0
1899,0.2
1900,0.3
1901,0.2
1902,0.0
1903,0.0
1904,1.9
1905,0.8
1906,0.1
1907,0.5
1908,0.0
1909,2.5
1910,0.3
1911,0.4
1912,0.1
1913,0.0
1914,1.0
1915,0.2
10497,0.9
1916,0.4
1917,0.2
1918,0.2
1919,0.0
1921,0.2
1922,0.1
1923,0.7
1924,1.2
5181,0.2
1925,0.0
1926,1.4
1927,0.4
1928,0.3
1929,0.1
1930,0.1
1931,0.0
1932,1.8
3561,0.2
1933,0.6
1934,0.1
1935,0.0
9364,0.0
1936,0.1
1937,0.9
1938,0.4
1939,0.0
1940,8.2
1941,2.2
9045,0.1
10528,1.1
1942,0.2
1943,0.8
1946,0.4
1945,0.7
1947,0.1
1948,0.5
1949,8.9
1950,0.1
1951,0.1
1952,0.1
1953,0.0
10239,0.3
1954,0.2
1955,0.4
1956,2.4
1957,0.1
4559,0.7
9504,0.0
1958,0.2
1959,4.5
1960,0.1
1961,0.0
1962,1.7
1963,0.9
1964,0.6
9164,3.7
1965,3.0
1966,0.2
1967,0.0
1968,0.4
7474,2.7
1969,0.1
1970,0.3
1971,0.0
7092,1.1
1972,0.1
7485,0.1
1973,3.5
1974,1.1
1975,0.9
1976,0.2
104,2.1
1977,0.0
1978,0.3
4852,1.4
4853,0.3
1979,0.5
1980,0.9
10319,0.1
1981,0.4
1982,0.1
10544,0.3
1983,0.4
1984,0.0
1985,0.5
9663,0.1
8133,0.1
1986,0.7
1987,0.5
4257,1.0
5873,3.1
5872,7.7
1988,0.6
1989,0.6
5382,31.4
1990,0.2
1991,0.5
1992,0.2
1993,0.0
1994,0.3
1995,0.7
9944,0.0
1996,0.0
1997,1.2
1998,0.4
1999,1.9
2000,0.3
2001,0.5
2003,0.0
2004,0.9
2005,0.9
2006,0.1
2007,1.2
2008,0.1
6738,0.4
2009,0.5
3548,0.7
2010,0.6
10325,0.4
2012,0.7
2013,0.5
2014,0.5
2015,1.2
2016,0.0
10293,2.5
10351,0.6
2017,1.9
2018,0.3
2019,1.0
2020,0.4
2021,0.1
10005,0.1
2022,0.2
2023,0.9
6928,0.5
7612,1.2
2024,0.9
2025,0.1
2026,1.3
2027,0.1
2028,0.7
2029,0.4
2030,0.0
2031,1.1
2032,0.0
2033,0.2
2034,0.1
2035,1.1
2036,0.2
2037,0.1
2040,2.8
5769,1.3
2041,1.0
2042,0.1
2043,0.7
2044,0.1
2045,52.6
2046,0.7
2047,0.7
2049,0.4
2050,1.0
2051,0.1
2052,0.4
2053,0.1
2054,0.5
2055,0.3
2056,0.3
2057,1.2
2058,0.7
2059,0.0
2060,0.0
2061,5.5
2062,0.1
2063,0.1
2065,0.4
2066,0.6
2067,2.6
2068,3.2
2069,1.1
2070,0.3
2071,1.1
2072,0.1
7791,0.0
2073,0.6
2074,2.0
2075,0.3
2076,0.9
2077,0.2
2078,0.5
2079,0.4
2080,0.0
2081,1.4
2082,0.1
2083,0.0
2084,0.4
2085,0.1
2086,0.3
6137,0.5
2087,0.4
2088,4.1
2089,0.7
2090,1.4
2091,0.3
2092,1.9
2093,1.0
2094,0.9
2095,0.3
2096,0.2
2097,0.1
2098,0.1
2099,1.0
3867,0.0
2100,0.0
3320,1.1
8839,0.1
2101,7.9
2102,0.2
3194,0.1
2103,0.0
2104,0.0
2105,0.0
2106,0.5
2107,1.3
2108,4.0
2109,0.1
2254,1.0
2110,1.1
2111,0.0
5038,2.3
2112,1.9
2113,0.5
8162,1.1
2114,0.0
2115,0.6
2116,0.9
2117,0.4
2118,0.0
2119,0.1
2120,0.4
2121,0.2
2123,0.1
2124,1.1
2125,1.4
2126,1.1
2127,0.0
2128,0.1
2129,6.1
2130,0.6
2132,4.8
2133,0.7
2134,0.1
2135,2.6
2136,0.1
8046,0.0
2137,1.6
2138,1.6
2139,0.0
2140,0.7
2141,0.3
4479,0.7
2142,4.6
2143,0.7
2144,0.1
2145,0.1
2146,0.1
2147,0.5
2148,5.8
2149,0.5
2150,1.8
2151,0.0
2152,0.7
2153,0.1
2154,0.9
2155,0.5
2156,3.4
2157,0.5
2158,1.0
2159,0.0
9875,0.0
2160,0.7
2161,0.0
5462,0.2
8926,1.1
2162,2.1
2163,0.3
2164,0.0
2165,1.6
2166,0.0
2167,0.0
2168,0.2
2169,0.1
2170,1.3
2171,2.3
2172,0.5
2825,0.7
2173,0.0
2175,0.1
2821,0.7
2176,0.1
2177,0.3
2178,0.1
2179,0.5
2180,0.2
2181,0.1
2182,0.5
2183,0.0
2184,0.0
3722,0.7
2185,0.3
2186,1.9
2187,0.5
2188,0.5
2189,0.1
8480,0.1
2190,0.3
2191,0.7
2193,0.2
2194,0.9
2195,0.2
2196,0.0
2197,34.4
2198,0.3
2199,0.1
2200,2.2
2203,0.2
2204,3.0
6887,0.1
2205,0.7
2206,0.1
2207,0.2
10271,1.1
5295,0.7
2208,0.7
2209,0.0
2210,0.1
2211,0.0
2212,0.4
2213,0.0
2214,0.3
2215,0.2
8150,6.8
2216,0.0
2217,0.1
10306,0.4
2218,1.4
2219,0.7
2220,0.0
2221,2.6
3269,0.8
2222,0.2
8367,0.0
2223,1.1
2224,1.2
2225,0.1
2226,0.0
2227,2.0
2228,0.8
2229,0.3
2230,0.0
2231,1.0
2232,0.1
2233,0.1
2234,1.2
2235,1.0
2236,0.1
6852,0.5
2237,1.4
2238,0.8
2239,0.8
2240,15.1
3367,18.8
2241,0.2
2242,0.1
2911,3.6
2243,0.7
2244,3.4
2245,0.4
10489,0.1
10374,0.3
2246,0.2
10288,0.8
2247,0.3
2248,1.9
2249,0.8
2250,0.0
7446,1.7
2251,0.6
2252,0.5
2253,0.0
2256,1.2
2257,0.1
2258,0.9
4941,2.5
2259,0.1
2261,0.5
6236,0.5
2262,0.0
2263,1.0
2264,0.6
2266,0.0
6934,0.6
2268,0.1
2269,0.0
2270,5.2
2271,0.4
2272,0.0
2273,0.0
2274,0.0
2275,0.0
2276,0.2
10521,0.5
2277,1.4
2278,0.3
2279,1.0
2280,2.9
2281,0.7
2282,0.9
2283,0.1
5056,0.2
2284,1.1
2285,0.8
2286,0.4
2287,2.8
2288,0.0
4827,0.4
2289,0.3
2290,0.7
2690,0.2
2291,0.1
2292,0.1
2983,0.3
2293,0.1
2294,0.2
2295,0.4
2297,1.3
2298,0.0
2299,0.1
2300,0.4
2301,0.1
6944,0.5
2302,0.2
2303,0.1
2304,0.3
2305,1.3
2306,1.1
2307,0.7
8935,0.2
2482,34.4
2309,0.4
10477,1.0
2310,0.5
2311,0.2
2312,0.1
2313,0.3
2314,0.1
2315,0.1
2316,0.2
2438,0.3
2317,0.3
2318,0.1
2319,1.4
2546,2.8
2320,0.1
2321,0.2
2322,1.3
6812,0.2
7994,0.4
2323,0.1
2324,0.0
2325,0.0
2326,0.0
2327,0.0
2328,0.9
2329,0.0
2330,0.2
2331,1.3
2332,0.5
2333,0.2
2334,0.1
2335,1.5
2336,0.1
2337,0.3
2338,0.4
2339,4.2
2341,0.5
2342,0.7
2343,0.2
2344,0.7
2345,0.2
2346,0.1
2347,0.1
2348,0.5
2349,2.8
2350,0.2
2351,0.2
2352,1.5
2353,0.1
2354,1.2
2355,0.0
2356,0.3
2358,0.5
2359,0.0
2360,0.2
2361,0.2
2362,0.0
2363,13.2
2364,0.7
2365,0.2
2366,0.2
2367,0.6
2368,0.0
2369,0.7
5271,0.6
2370,0.0
2371,0.0
2372,1.2
2373,0.0
2374,0.0
2375,6.2
2376,0.9
2377,0.6
2378,0.0
2379,0.1
2380,0.5
2381,0.7
2382,0.4
2383,0.8
2384,0.2
6223,0.6
2385,0.4
2386,1.2
2387,0.1
8875,3.0
8874,2.7
2388,0.4
2389,0.5
8516,0.0
2390,0.1
2391,0.3
2392,0.1
2393,0.1
9868,0.0
10244,0.6
2394,0.0
7369,0.1
2395,0.4
2396,0.0
10391,0.3
10246,1.0
2397,0.2
2398,0.8
2399,4.1
2400,0.4
2401,1.0
2402,2.1
6603,0.2
2404,0.3
2405,0.2
2406,0.0
2407,0.6
2408,0.3
5513,1.1
2409,0.2
2410,0.6
2411,0.6
2412,2.3
6727,0.5
2413,0.2
2414,0.0
2415,0.5
4094,0.2
2416,0.3
2417,0.6
2418,0.1
2419,2.1
2420,0.4
2421,3.9
2422,0.1
10506,0.3
2423,0.3
2424,0.3
2425,4.8
10387,0.3
2426,0.9
2427,0.4
2428,0.2
2429,0.5
10366,0.3
2431,0.0
6177,1.6
2432,1.7
2433,0.1
2434,0.0
2435,1.4
2436,0.1
2437,0.5
2439,0.4
2441,10.6
2442,1.0
2443,0.2
2444,0.4
4630,0.5
2576,0.2
2445,0.1
2446,0.3
2447,0.3
4515,0.5
2448,0.2
5338,0.9
10348,0.6
2449,0.6
2450,0.1
2451,0.0
2452,1.3
2453,0.5
2597,0.3
2454,0.0
2455,0.0
2456,0.3
2457,0.3
7606,0.0
10334,1.9
2458,1.1
4293,0.8
2459,0.1
2460,0.5
10255,2.3
2461,0.4
2462,0.3
2463,6.6
2465,1.4
2466,0.5
2467,0.3
2468,0.2
2469,0.1
2470,0.4
2471,0.1
4292,0.5
2472,0.2
10509,1.1
2473,0.0
2474,3.7
2475,0.2
2476,2.3
2477,0.1
2478,0.0
9684,0.7
2479,0.9
5336,0.3
2480,2.5
2481,0.0
2483,0.2
9947,0.1
2485,0.1
2486,1.5
2487,0.7
2488,0.3
2489,1.4
2490,0.2
2491,2.1
2492,0.3
2493,0.0
5890,10.1
2494,0.0
2495,2.2
2496,0.7
2497,2.1
10346,1.6
2498,0.7
2499,0.1
2500,1.6
2501,1.4
2502,0.5
2503,0.2
2504,1.7
9092,1.3
2505,0.4
7574,0.5
2506,3.5
2507,0.3
2508,0.2
4548,1.1
2509,0.2
2510,0.4
2511,0.8
2512,0.2
9782,0.1
2513,0.3
2514,1.7
2515,2.3
2516,0.3
2517,0.3
2518,0.3
2519,0.1
2520,1.3
2521,0.1
2522,0.3
2523,0.6
2524,0.2
6410,0.4
2525,1.0
2527,1.6
2526,0.7
2529,0.4
4084,0.4
2530,0.7
2531,0.0
2533,0.0
2534,0.4
10473,1.2
2535,1.1
2536,0.1
2537,0.3
2538,0.4
2539,0.1
2721,0.5
4155,1.7
2540,0.1
2542,3.2
2541,2.0
2543,1.2
3896,0.2
2544,0.1
2545,0.2
2547,0.1
2548,0.1
2549,0.2
2550,1.2
2551,0.1
2552,0.1
2553,0.1
8607,0.6
2554,4.5
2555,4.7
2557,1.2
6480,0.6
2558,0.6
2559,0.8
2560,0.3
2561,0.5
2562,0.3
2563,0.3
2564,1.0
10428,0.8
2565,0.0
2566,0.1
9118,0.3
2567,0.0
2568,0.1
4752,1.9
2569,0.5
2570,0.2
2571,0.2
2572,0.7
4449,0.4
2573,0.1
2574,2.0
2575,0.1
2577,0.9
3792,3.5
2579,10.8
2580,0.1
2581,0.3
2582,0.2
2583,0.0
2584,0.2
2585,0.2
2586,0.4
2587,0.5
2588,0.1
2589,0.1
2590,0.5
2591,0.0
2592,0.3
2593,0.1
2594,0.1
2595,2.6
2596,1.3
2598,0.1
6641,0.7
6642,1.7
2599,0.1
2600,1.1
2601,1.0
2602,0.1
2603,0.1
2604,0.6
2605,0.0
2606,0.2
2607,0.0
2608,0.3
2609,0.5
2610,0.3
2611,2.2
2612,0.0
2613,0.3
2614,0.6
2615,0.1
2616,0.4
2617,0.2
2618,0.0
2619,0.6
2621,6.1
2622,0.1
2623,0.0
2624,0.2
2625,0.2
2626,0.4
2627,6.6
2628,0.0
2629,0.0
10313,0.2
2630,0.8
3991,1.7
2631,0.9
2632,0.0
2633,1.7
2634,0.1
2635,1.0
2636,0.0
2637,0.1
2638,0.3
9807,0.0
2639,0.1
2640,0.0
2641,0.0
2642,0.1
2644,0.2
2645,0.6
2646,0.2
2647,2.0
2648,0.5
2649,0.1
2650,0.9
2651,1.0
2652,0.3
2653,0.0
2654,0.4
2655,0.3
2656,0.0
2657,0.6
2658,0.1
2659,0.7
2660,0.2
10245,0.3
2661,0.0
10518,3.8
2662,0.4
2663,0.4
2664,0.9
2665,0.1
2666,0.0
2667,0.8
2910,0.1
2668,0.0
2669,0.1
2670,0.2
2671,6.7
2672,0.7
4382,0.1
5545,75.0
5546,45.8
2673,0.4
2674,0.4
2675,0.3
2676,0.1
2677,7.8
2678,1.5
2679,0.0
6803,0.6
2680,0.1
2681,0.0
10016,0.1
2682,0.1
2683,0.0
2684,2.4
2685,1.5
9618,0.1
2686,0.9
2687,0.1
2688,0.0
2689,1.0
2691,0.1
2692,0.5
2693,0.5
2694,0.3
2695,0.3
2696,0.0
2697,0.0
2698,1.7
2699,0.6
2700,0.2
2701,0.0
2702,0.2
5994,1.1
2703,1.0
2704,0.4
2705,0.5
2706,0.7
2707,1.0
2709,2.1
2708,1.3
2710,1.7
2711,0.1
5442,1.5
2712,0.5
2713,0.5
2714,0.1
2715,1.9
2716,0.1
2717,0.9
2718,0.9
2719,0.0
2720,0.5
2722,0.5
2723,0.0
10329,0.3
2724,0.1
2725,60.5
2726,96.6
2727,2.5
5015,0.8
2729,0.1
2730,2.8
4892,0.3
2731,1.2
2732,0.2
2733,0.0
2734,0.0
2735,1.0
2736,0.1
2737,0.2
6769,0.1
2738,0.0
2739,0.0
2740,0.6
2741,0.0
6521,0.6
2742,0.2
2743,0.6
2744,1.0
2745,0.2
2746,0.2
2747,0.3
2748,0.0
2749,0.1
9742,0.3
2750,0.6
2751,1.4
2752,0.0
2753,2.3
2754,0.0
2755,0.7
3893,0.2
2756,0.1
2757,0.5
4662,0.7
2758,0.0
2759,0.5
2760,0.8
2761,0.4
9110,0.0
2762,5.7
8500,0.2
2763,0.0
2764,0.2
2765,0.3
2766,0.3
2767,0.2
2768,0.4
2769,3.5
2770,0.9
2771,1.2
2772,0.1
2773,1.0
2774,0.2
2775,0.2
2776,1.2
2777,0.7
2778,0.0
2779,0.0
2780,0.1
4563,0.4
2781,0.0
2782,0.2
6708,2.3
2784,5.7
2785,0.2
10242,0.6
2786,0.7
2787,2.1
2788,0.3
2789,2.8
2790,2.0
10341,0.2
2791,0.0
2792,0.2
2793,0.3
2794,0.2
2795,0.3
2796,0.7
2797,0.4
2798,0.7
2799,5.0
9516,4.2
2800,0.7
2801,4.1
2802,2.0
2803,1.4
6147,0.2
2805,0.0
2806,1.4
2807,0.4
2808,1.4
2809,0.2
2810,0.1
2811,1.3
2812,0.0
2813,0.0
2814,0.2
3796,1.1
3795,0.8
2815,1.7
2816,0.3
2817,0.2
2818,0.2
2819,3.6
2820,0.2
2822,0.5
2824,0.6
2826,0.0
2827,0.0
2828,3.8
2829,7.2
10236,0.1
2830,0.1
3756,0.6
10408,0.7
3038,4.5
2831,2.8
2832,0.4
2833,4.3
2834,0.1
2835,0.4
10400,0.2
2836,0.8
3180,0.4
2837,0.3
2838,0.1
2839,1.2
2840,0.0
2841,0.5
2842,0.2
2843,0.2
2844,0.4
2845,3.2
3794,0.2
2846,1.1
4946,0.2
2848,2.7
2849,1.4
2850,0.1
2851,0.6
2872,0.2
2852,0.2
2853,0.2
2854,0.4
2855,0.3
2856,0.6
8049,0.2
2857,1.0
2858,1.9
10259,0.5
2859,3.7
2861,0.1
2862,0.1
2863,0.3
2864,6.2
2865,0.2
6432,0.4
2866,0.3
2867,0.4
2868,0.3
2869,1.0
2870,1.9
2871,1.6
2873,0.3
2874,2.4
2875,0.2
10409,3.1
2876,0.5
2877,0.2
2879,0.3
2880,0.8
2881,0.2
2882,0.7
2883,0.0
2884,0.0
5372,0.4
2885,0.0
2886,0.4
2887,0.1
2888,0.2
2889,0.0
2890,0.2
2891,0.0
3376,0.6
2892,1.0
2893,0.2
2894,0.2
2895,0.4
9358,0.2
2896,0.3
2897,2.2
2898,0.4
5798,0.8
2899,0.0
2900,0.1
2901,0.0
5623,0.4
2902,0.1
2903,0.3
2904,0.2
2905,0.2
2906,3.9
2907,1.2
2908,0.2
2909,2.4
6890,0.1
7508,0.1
2912,1.4
2913,0.1
2914,0.3
2915,0.0
2916,0.1
2917,0.6
2918,0.0
2919,0.2
2920,0.1
7519,0.1
2921,0.0
2922,0.0
2923,3.7
2924,0.4
2925,0.4
2926,0.0
2927,1.5
2928,0.7
2929,0.6
2930,0.0
2931,3.3
2932,0.0
2933,0.2
2934,0.6
2935,0.1
2936,0.0
2937,0.2
2938,0.0
2940,0.6
2941,1.3
2942,0.1
2943,0.9
2944,3.3
3211,0.5
4276,0.2
6040,0.7
2945,0.1
10393,0.2
2946,3.1
2947,0.1
2948,1.1
2949,0.2
2950,1.1
2951,0.4
2952,0.1
2953,0.1
2954,0.9
2955,0.5
2956,0.1
2957,1.4
2958,1.5
5016,0.7
2959,0.2
2960,0.8
2961,0.0
2962,0.5
2963,0.0
2964,2.0
2965,1.7
2966,0.0
2967,0.0
10414,0.8
2968,0.5
2969,0.1
2970,1.2
2971,0.0
2972,1.7
2973,0.4
2974,0.1
2976,0.0
9620,0.0
2977,0.2
2978,0.3
2979,0.6
2980,0.1
2981,1.5
2982,0.1
2984,0.5
2985,0.1
2986,0.7
2987,2.1
2988,1.1
2990,0.9
2991,4.3
2992,0.3
2993,0.3
2994,3.9
2995,0.5
2996,0.6
2997,1.5
2998,0.1
2999,0.6
3000,0.7
3001,0.8
3002,0.6
3003,0.5
3004,1.3
3005,0.3
3006,1.1
3007,0.0
3008,0.1
3009,0.0
3010,0.5
3011,0.6
3012,0.6
3013,0.5
3014,2.9
3015,1.7
3016,0.2
8483,0.1
3017,0.2
3018,3.7
3019,0.1
3020,0.2
3021,0.3
3022,0.0
3023,0.3
3024,0.1
6420,0.2
3026,0.1
3027,0.2
3028,1.1
3029,1.5
3030,0.0
3031,0.6
3032,1.2
3034,0.8
3033,0.5
3035,0.5
3036,0.4
3037,5.0
6048,0.4
6049,0.2
4874,0.8
3039,0.6
3040,0.1
3041,1.6
3042,0.2
3043,0.1
3044,1.2
3924,2.3
3047,2.0
3048,0.2
3049,0.1
3050,0.4
3051,1.5
3052,0.2
3053,2.1
3054,0.2
3055,0.1
3057,0.1
3058,32.0
3059,0.4
3060,0.4
3061,0.1
3062,0.2
3063,0.9
3064,1.6
3065,0.6
3066,0.0
3067,1.2
3068,13.7
3069,0.8
3070,0.8
3071,0.1
3072,97.0
3073,92.2
3074,0.8
3075,2.2
3076,0.2
3077,0.1
3078,0.1
3079,0.0
3080,0.0
8570,0.4
7860,0.0
3081,0.1
3082,0.0
3083,0.0
3084,0.1
4018,1.3
4262,0.8
3085,3.4
3086,0.1
3087,0.7
10311,0.2
3088,0.3
3089,0.0
3090,0.2
3091,0.1
3092,1.4
3093,0.6
3094,0.3
9767,0.0
9712,0.1
6905,3.2
3095,0.2
3096,1.2
3097,0.7
3098,7.6
3099,0.0
3100,0.1
3102,4.2
3101,2.6
3103,0.9
5565,0.1
3104,0.0
8601,0.0
3105,0.7
3106,0.1
3107,0.0
3108,0.1
3109,0.3
6486,19.5
3110,0.6
3111,1.2
3112,0.7
3113,0.0
3114,0.0
10363,0.9
3115,1.0
3116,0.1
3117,0.2
3118,3.2
3119,0.0
3120,0.5
5326,0.2
3121,0.9
10388,3.6
3122,0.2
3123,0.4
3124,0.3
3125,2.3
3126,0.6
3127,0.5
3128,1.0
3129,0.9
3130,1.7
3131,0.1
7244,0.0
3132,0.0
3133,0.3
3134,3.2
3135,1.3
3136,0.0
3137,0.1
3138,0.7
3139,0.0
3140,2.8
3141,0.0
3142,0.1
3143,0.2
3144,1.1
3145,0.0
3146,0.3
3147,0.0
3148,0.4
3149,0.3
3152,0.2
3153,0.2
3154,0.2
3155,0.7
3156,7.7
3157,0.0
7718,0.1
3158,0.0
3159,0.6
3160,1.1
3161,1.3
3162,0.1
3163,1.2
3164,0.1
3165,0.0
3166,0.1
3167,1.3
3168,0.2
3169,0.0
3170,0.3
3171,7.8
3172,0.1
3173,0.8
3174,0.0
3175,0.3
3176,0.3
3177,0.0
3178,0.4
10490,0.4
3179,0.2
6882,0.2
3181,0.2
3182,0.0
3183,1.3
3184,0.1
3185,0.4
3186,0.1
3187,5.2
3188,0.0
3189,1.1
3190,0.3
3191,0.1
3192,0.7
3193,0.2
3195,2.2
3196,2.0
3197,0.0
3198,0.2
3199,0.7
3200,0.3
5233,0.0
3201,0.6
3202,0.1
3203,1.4
3204,1.5
3479,0.4
3205,0.1
10295,0.6
3206,0.0
4939,0.7
3207,0.8
4138,0.3
3208,0.0
3209,0.5
10254,0.2
5312,1.3
5311,2.2
3210,0.1
10511,0.5
3212,2.3
3213,0.6
3215,0.1
3216,0.1
3217,1.6
3218,0.4
3219,0.1
3220,0.2
3221,0.4
3222,0.7
3223,1.7
3224,0.1
3225,0.1
3226,0.2
3227,0.4
3229,1.9
3230,0.3
3231,7.6
3232,0.0
3233,0.1
4767,0.5
3234,0.5
3235,1.6
3236,1.7
3237,0.1
3238,0.1
3240,2.1
3239,0.4
3241,0.1
3242,0.2
3243,0.4
3244,0.5
3245,0.8
9040,0.1
3246,1.3
3247,0.5
3248,0.4
6403,0.4
3249,0.8
3250,0.1
3251,1.0
3252,0.1
3253,1.2
3254,0.2
3255,3.1
3256,0.1
3257,0.1
3258,0.0
3259,1.0
3260,1.7
3804,0.3
3261,0.0
3263,0.3
3264,1.3
3265,0.5
3266,0.2
3267,0.3
3268,0.1
3270,0.2
3271,0.1
6945,0.0
3272,0.4
3273,0.0
3274,0.2
3275,0.2
3276,0.0
3277,0.3
3278,0.2
3279,0.0
3280,0.1
3281,0.0
4520,0.6
3282,0.1
3283,0.9
7317,0.2
3284,0.0
3285,1.1
3286,0.9
3287,0.0
3288,1.1
3289,2.6
3290,0.7
3291,0.3
3292,0.0
3294,2.7
3295,0.8
3296,1.1
3297,0.1
3298,2.7
10373,0.6
3299,1.0
3300,0.6
3301,0.3
3302,0.3
3303,0.4
7700,0.1
3304,2.5
3305,0.3
3306,0.2
3307,0.4
3308,0.3
3309,5.0
3310,6.4
3311,0.0
3312,0.2
5373,0.9
3313,0.1
3314,0.1
9929,0.1
3315,0.1
3316,0.0
9046,0.0
3317,1.6
3318,1.1
3319,0.3
3321,0.4
3322,0.8
8287,0.1
3848,0.3
3323,0.5
3324,0.0
3326,1.0
3327,0.3
3328,0.2
3329,0.2
7396,0.5
3330,0.1
3331,0.0
3332,2.4
3333,0.9
3334,0.0
3335,0.6
5562,0.3
3336,0.1
3337,0.1
3338,0.3
3339,0.2
3340,0.9
3341,0.3
3342,0.3
3344,0.0
3345,0.0
3346,0.4
3347,0.8
3348,1.1
3349,0.5
3350,1.0
3351,0.0
3352,0.4
3353,0.2
3354,1.0
4097,0.2
3355,0.3
3356,0.0
3357,0.3
3358,1.2
3359,0.5
3360,0.2
8062,0.0
3362,0.7
3363,0.2
3365,0.2
10263,1.0
3366,1.6
3368,1.6
3369,0.1
3370,0.2
3371,0.1
3372,0.1
3373,0.1
4271,11.7
3374,0.3
3375,0.5
3377,0.8
3378,1.1
3379,0.9
3380,0.3
3381,0.1
6784,2.0
3382,0.5
3383,0.7
3384,0.5
3385,0.1
3386,0.8
3387,0.4
3388,0.5
3389,0.0
8395,0.5
3390,0.0
10317,0.4
3391,0.1
3392,0.5
8137,0.0
3393,0.2
3394,0.1
3395,0.3
7595,0.0
3396,0.1
3397,0.3
8417,0.1
3398,0.0
3399,0.0
9600,1.3
3400,0.2
3401,0.0
3402,3.7
3403,1.7
3404,0.8
3405,1.7
3406,2.4
3407,0.6
3408,0.1
9852,0.0
3409,1.0
3410,0.1
3411,0.2
3412,1.1
7159,0.0
6050,2.3
3413,0.6
6260,0.5
3414,1.5
3415,0.5
3416,0.1
3417,0.0
3418,0.1
3419,1.2
4890,0.3
3420,0.3
3421,0.3
3422,0.1
3423,0.6
3424,0.8
3425,2.4
3426,0.2
3427,0.0
3428,0.5
3429,0.2
4047,0.1
3430,0.2
3431,0.0
3432,0.8
3434,0.5
3435,0.0
3436,0.2
3437,0.2
3438,2.1
10307,0.7
3439,0.3
3440,0.5
3441,0.4
3442,0.1
3443,3.3
3444,0.3
3445,0.9
3446,0.4
3447,10.3
9428,0.1
3448,0.9
3449,0.0
3450,0.1
3451,0.3
3452,0.3
3453,0.2
3454,0.1
3455,1.7
3456,0.3
7255,0.1
3457,0.1
3458,3.9
3459,0.2
3460,0.3
3461,1.2
3462,0.9
3939,0.2
3463,0.1
3464,0.0
3465,2.5
3466,0.0
3467,0.5
3963,0.9
3468,0.7
3469,0.0
3470,0.1
3471,0.2
3472,1.3
3473,0.1
3474,0.2
3475,14.3
3476,3.3
3477,0.0
3478,0.0
3480,0.0
3481,0.2
3483,0.3
3484,0.5
3485,1.0
3486,0.8
3487,0.2
3488,1.2
3489,1.2
3490,0.0
3491,1.6
3492,0.1
3493,1.2
3494,1.9
3495,0.8
3496,1.8
3497,0.4
3498,0.0
3499,0.1
3500,0.2
3501,0.6
3502,0.5
3503,0.0
3504,2.1
3505,1.3
3506,0.9
6599,0.2
3507,1.0
3508,0.1
3510,0.4
3512,2.1
3513,0.3
3514,0.1
3515,0.1
3516,0.5
3517,2.5
3518,5.8
3519,1.3
3520,0.2
3521,0.1
3522,1.3
3523,0.0
3524,2.9
3525,1.4
3526,0.1
3527,0.4
3528,0.3
3529,0.5
3530,0.5
8857,0.0
3531,0.2
3532,0.9
3533,0.4
3534,0.4
3535,0.7
3536,0.6
3537,0.6
3538,0.0
3539,0.5
3540,0.1
3541,0.2
3542,0.2
3543,1.2
3544,0.4
6909,0.3
3545,0.2
3546,0.0
3547,3.0
3549,0.2
3550,0.4
3551,0.1
3552,0.0
3553,0.3
3554,0.6
3555,0.6
3556,0.3
3557,0.1
3558,1.0
3559,0.1
3560,0.2
3562,0.7
3563,0.0
3564,0.0
5695,1.2
3565,0.6
3566,0.2
3567,0.3
3568,2.1
3569,0.0
3570,0.3
4149,0.1
3571,5.8
3572,1.2
3573,2.2
9518,0.0
3574,0.0
8885,3.4
3575,1.0
3576,0.1
3577,0.7
3578,0.6
3579,0.5
3580,0.4
3581,0.6
3582,0.0
3583,0.2
3584,0.4
3585,0.4
3586,0.0
5595,0.4
3587,0.1
3588,6.7
3589,0.2
3590,3.1
3591,5.9
3592,0.3
3593,0.3
3594,0.5
3595,0.0
3596,0.2
5797,0.4
3598,0.3
3599,1.9
10327,0.2
3600,0.1
3601,0.3
3602,0.6
3603,0.5
3604,0.2
3605,1.7
3606,0.3
3607,0.6
3608,0.4
3609,0.2
3610,0.2
3611,0.3
4665,0.4
3612,0.9
3613,0.3
3614,0.0
3615,0.1
3616,0.2
3617,0.5
3618,0.4
3619,0.5
3620,1.2
3621,0.3
3622,1.1
3623,0.1
3624,0.4
3625,0.0
3626,0.0
3627,0.2
3628,0.0
3629,0.1
3630,1.0
3631,0.1
4808,0.7
3632,0.0
3633,0.0
3634,0.9
8609,0.0
3635,0.3
3636,1.4
8501,0.2
5050,0.6
3637,0.0
3638,0.1
3639,0.0
3640,0.1
3641,0.0
3642,0.1
3643,0.4
3644,0.5
3645,0.2
3647,0.5
3648,0.1
3650,0.7
3651,0.2
10384,0.4
3652,0.3
7796,0.1
3653,0.7
3654,1.5
3655,1.9
3656,0.3
3657,1.0
3658,0.4
3659,0.1
3660,0.1
3661,0.0
3662,0.3
3663,0.2
3664,0.2
3665,0.9
8809,0.0
3666,0.0
3667,0.1
3668,0.2
3669,0.3
3670,0.2
3671,0.0
6808,2.4
3672,2.5
3673,0.3
3674,0.8
3675,0.1
3676,0.1
3677,0.1
3678,1.3
3679,0.1
3680,0.2
3681,0.6
3682,0.1
3683,0.6
3684,1.1
10223,1.1
3685,0.0
3686,0.8
5942,0.5
3687,0.6
3688,0.5
3689,0.1
3690,2.0
3691,0.4
6005,1.1
3692,0.1
3693,2.5
3694,9.6
10360,0.4
3695,0.7
3696,0.8
3697,1.0
3698,1.6
8147,0.0
3699,0.1
3700,0.0
3701,0.4
3702,1.5
3703,0.6
3704,0.3
3705,0.5
3706,0.7
3707,0.7
3708,0.6
3709,0.2
3710,0.3
3711,0.6
3712,0.4
3713,0.7
3714,0.2
3715,0.1
3716,0.4
3717,15.1
3718,47.3
9972,0.0
3719,1.1
9851,7.5
3720,0.1
7133,0.0
3721,0.8
3723,1.2
3724,0.7
3725,0.4
3726,0.8
3727,0.3
6968,0.3
3728,1.0
3729,0.4
3730,0.6
3731,0.5
10496,0.1
3851,1.1
3732,0.9
3733,0.5
3734,3.8
3735,1.3
3736,0.1
3737,1.2
3738,1.1
3739,0.4
3740,0.5
3741,0.1
3742,0.2
3743,0.9
3744,0.2
3745,0.1
3746,0.8
3747,0.0
3748,2.3
3749,0.3
3750,0.6
3751,0.3
3752,0.1
8231,0.4
3754,0.2
6737,0.8
3755,0.9
9709,0.0
3757,0.5
3758,0.0
7108,0.1
3759,0.0
3760,0.0
3761,0.1
3762,0.1
3763,0.1
3764,0.3
3765,0.1
3766,1.2
3767,0.8
3768,0.0
3769,2.9
3770,0.3
3771,0.6
3772,0.4
3773,2.0
8265,0.0
3774,0.3
3775,0.2
3777,0.0
3778,0.2
3779,0.0
3780,2.9
7807,0.3
3782,3.4
3783,0.5
5212,0.4
3784,0.1
3785,1.5
3786,0.6
3787,0.0
3788,0.2
9158,0.3
3789,0.0
3790,0.3
3791,0.0
4145,0.9
3793,2.3
3797,0.0
3798,0.9
3799,1.0
3800,0.4
3801,0.1
3802,31.2
3803,9.4
3805,0.0
3806,0.7
3807,0.0
3808,0.6
3809,0.4
3810,0.1
3811,0.3
3812,0.6
3813,1.2
3814,0.8
6069,0.4
3815,0.4
3816,0.3
3817,7.2
3818,0.1
3819,15.3
3820,0.2
8171,2.0
4306,0.5
3822,0.1
3823,0.8
3824,0.2
3825,0.1
3826,0.4
5052,0.7
3827,5.6
3828,0.5
3829,0.0
3830,0.4
3831,0.3
3832,0.0
3833,0.1
3834,10.6
7032,0.0
3835,0.3
3836,0.4
3837,0.1
3838,0.1
3839,0.1
3840,0.1
3841,0.7
3842,0.7
3843,0.1
3844,3.0
3845,1.5
4883,0.9
3846,2.8
3847,0.0
3849,4.6
3850,0.2
3852,0.9
3853,0.4
3854,7.2
3855,0.4
3856,0.1
3857,0.1
3858,0.4
3859,0.6
3860,3.6
3861,0.0
3862,0.0
3863,0.1
7186,0.0
3864,0.0
3865,0.8
3866,0.0
3868,0.3
3869,0.6
3870,0.3
3871,0.8
3872,0.1
3873,0.5
3874,0.6
3875,0.0
3876,0.7
3877,0.3
3878,0.2
3879,0.4
3880,0.0
3881,0.3
3882,0.0
3883,0.1
7592,0.0
3884,0.3
3885,0.1
3888,0.0
3889,0.1
3890,0.0
3891,0.0
3892,0.2
3894,0.1
3895,0.9
3897,0.1
3898,0.5
3899,0.7
3900,0.2
3901,0.6
3902,0.4
3903,0.2
3904,0.2
3905,2.1
3906,3.2
3907,0.2
3908,0.4
3909,0.7
3910,0.1
3911,0.2
3912,0.1
3913,0.2
3914,0.0
3915,0.1
3916,0.2
3917,0.2
3918,0.2
3919,0.9
3920,0.1
8385,0.0
3921,0.1
6933,0.3
3922,0.0
3923,0.1
3925,1.4
3926,3.2
3927,0.6
3928,0.4
3929,1.1
3930,0.2
6375,0.6
3931,0.0
8447,0.0
3932,0.5
3933,0.9
3934,0.6
3935,0.1
3936,0.7
3937,0.4
3938,0.3
3940,0.2
3941,0.2
3942,1.2
3943,0.2
3944,0.6
3945,0.0
3946,0.5
3947,1.2
3948,0.5
3949,0.1
3950,1.3
4041,0.6
3951,0.8
3952,0.0
3953,1.0
3954,1.3
3955,2.0
3956,1.1
3957,0.3
3958,0.0
3959,0.2
3960,0.4
3961,0.2
3962,0.9
3964,3.2
3965,0.6
3966,0.0
8174,0.1
3967,0.1
4686,0.9
8956,0.3
3968,0.2
3969,0.1
3970,0.0
5240,2.6
5241,5.6
3971,0.0
3972,0.5
3973,0.3
3974,2.1
3975,1.3
3976,0.1
3977,0.0
3978,0.2
3979,2.9
8686,0.1
3980,1.3
3981,2.6
3982,0.0
3983,0.2
3984,0.0
3985,6.6
3986,0.2
3987,0.2
3988,0.0
3989,0.3
3990,0.1
10523,1.2
3992,2.8
3993,1.7
3994,1.7
3995,1.0
3996,0.1
3997,0.0
3998,0.1
3999,1.2
4000,0.3
6045,0.8
4001,0.1
4002,0.1
4003,0.1
4004,0.0
4005,0.4
8899,0.1
4006,0.3
4007,0.8
4008,0.1
4009,0.3
4010,1.2
4011,0.7
4012,0.2
4013,0.2
4014,0.0
4015,0.4
4016,0.4
8535,0.0
4017,0.0
4019,0.5
4020,0.5
4021,0.1
8293,0.0
4022,0.6
4023,1.0
4024,0.4
4025,0.6
7437,0.1
4026,2.0
4027,0.4
4028,0.1
4029,0.1
4030,0.5
4031,0.7
4032,0.1
4033,0.0
10472,0.2
9839,0.5
4034,0.0
4035,0.4
4036,0.0
4037,1.7
4038,0.1
4039,0.1
4040,0.7
4042,0.5
4043,0.0
4044,0.1
4045,0.7
4046,0.0
4048,0.1
4049,1.2
4050,0.1
4051,1.1
4052,0.8
4053,0.2
4054,0.2
4055,2.1
4059,0.3
4056,0.5
4057,0.0
4058,0.1
4060,0.7
4061,1.1
4830,0.2
4063,0.3
4064,0.0
8721,0.1
4066,0.1
4067,0.3
10229,0.1
4069,0.7
4070,0.0
4071,0.0
4072,0.4
4074,0.8
4075,0.4
4076,0.3
4077,0.5
4078,0.2
4079,1.2
4080,0.4
4081,0.7
4082,0.8
4083,0.2
4085,1.0
10281,0.3
4086,0.6
4087,0.6
4088,0.4
4089,0.6
4090,0.4
4091,1.1
4092,1.5
8522,0.2
4093,0.8
4095,0.2
8777,0.5
4096,0.1
4098,0.4
4099,1.2
4100,0.4
4101,0.1
4102,0.1
10238,0.9
4103,0.2
4104,0.2
8263,0.0
10323,2.9
4105,0.6
4106,1.3
4107,1.1
4108,0.2
4109,0.2
4110,2.1
4111,0.7
4112,0.5
4113,1.2
4114,0.1
7884,0.1
4115,0.0
4116,0.0
4117,0.2
4118,1.5
4119,1.7
4120,0.4
4121,0.3
4122,2.1
4123,2.0
4124,0.2
4125,0.1
4126,0.3
4127,8.3
4128,0.5
4129,0.7
4130,0.0
4132,0.4
4133,0.3
4134,0.0
4135,0.0
4136,0.1
4137,2.7
4139,0.8
4140,0.0
4142,0.1
4143,5.0
7826,0.0
4144,0.0
4146,0.4
4147,1.1
4148,0.2
10250,0.1
4150,0.3
4151,0.0
4152,0.4
4153,0.2
4154,0.5
4156,0.2
5411,1.6
5410,0.6
4157,0.4
4159,0.2
4160,0.0
4161,0.2
4162,0.5
4163,1.9
4164,0.9
4165,0.0
4166,0.1
4167,0.0
4168,0.2
4169,1.1
4170,1.1
4171,1.1
4172,0.2
4173,0.0
4174,0.4
4175,4.2
4176,0.1
4177,0.4
10243,1.3
4178,1.4
5185,0.7
9309,0.1
4179,0.0
4181,1.5
4180,1.8
4182,0.3
4183,0.4
4184,0.0
6823,4.3
6824,3.7
4185,0.3
4186,0.4
4187,2.4
4188,2.0
4189,0.1
4190,0.3
4191,0.4
4192,0.0
4193,0.2
4195,0.0
4196,0.2
4197,0.7
4199,0.1
4200,0.3
4201,0.2
4202,0.2
4203,0.9
4204,1.1
4205,0.2
4206,0.0
4207,0.1
4208,0.3
4209,1.3
4210,0.0
8214,0.2
4211,0.0
4212,1.0
4213,0.8
4214,0.1
4215,0.2
4216,0.1
4217,0.1
4218,0.1
4219,0.1
4220,0.2
9407,0.1
4221,0.7
4222,0.4
4223,0.0
9086,0.1
4224,1.2
4225,0.0
4226,0.4
4227,0.3
4228,0.2
4229,5.9
4230,0.2
9173,0.2
4231,0.8
4232,0.1
4233,0.0
4234,0.8
4235,0.8
4236,0.0
7603,0.0
4237,0.1
6148,0.8
4238,0.2
4240,0.0
4241,1.7
4242,0.0
4243,0.1
4244,0.2
4245,0.4
4246,1.5
4247,0.4
4248,10.9
4249,0.2
4250,0.0
8464,0.0
4251,3.6
4252,0.0
4253,0.0
4254,0.1
4255,0.6
4256,0.2
4258,0.1
4259,0.4
4260,0.4
4261,0.5
4263,0.0
4264,2.0
4265,0.9
4266,0.5
4267,3.0
4268,0.3
4269,1.4
4270,0.9
4272,0.0
4273,0.0
4274,2.3
4275,0.3
4989,0.6
6002,0.8
4277,0.1
4278,1.2
4279,0.8
4280,0.2
4281,4.1
4282,0.8
4283,0.1
4284,0.0
4285,0.1
8410,0.0
4286,0.3
4287,1.4
4288,0.8
4289,2.4
4290,3.1
5438,1.1
4291,0.2
4294,0.1
4295,2.7
4296,0.8
4297,0.6
4298,0.2
4300,0.7
4301,0.1
4302,0.4
4303,0.5
4304,0.3
4305,0.2
4307,0.2
4308,0.2
4309,0.9
7581,0.0
4311,1.8
4310,0.3
4313,0.0
10538,1.0
4314,0.1
4315,0.1
4316,0.1
4317,0.1
4318,0.8
4319,0.0
4320,23.5
4321,0.1
4322,0.1
4323,0.5
4324,0.0
4325,0.0
4326,10.5
4327,0.2
4328,0.3
4330,0.3
4331,0.0
4332,0.2
4333,0.4
4334,3.0
8088,0.1
4335,0.2
4337,3.1
4336,0.6
4338,0.2
4339,2.3
4340,2.1
4341,0.0
4342,0.0
4343,0.4
4344,0.6
9084,0.1
4345,0.0
4346,4.2
4347,1.4
4348,0.1
4349,0.5
4350,0.6
4351,0.3
4352,1.7
4353,0.6
4354,0.0
4355,2.9
4356,0.7
4357,0.0
4359,0.1
10115,3.5
4360,0.4
5188,0.5
4361,0.1
4362,0.1
4363,0.2
4364,0.2
4365,0.7
4366,0.0
4367,0.3
4368,3.0
4369,0.0
4370,0.1
4371,0.1
4372,0.0
8531,3.6
4373,0.5
4374,1.2
4375,0.0
4376,0.4
4377,0.5
4378,0.5
4379,0.1
4380,0.0
4381,0.6
4383,0.4
4384,0.4
4385,0.4
4386,0.1
4387,0.0
4388,0.1
4389,1.2
4390,0.0
4391,0.0
4392,0.1
4394,0.3
4395,0.1
4396,0.0
4397,0.1
4398,0.5
4399,1.2
4400,0.3
4401,0.4
4749,0.3
4402,3.0
4403,0.8
4404,0.7
4405,0.1
4406,0.5
4407,0.6
4408,0.3
4409,0.1
7089,10.7
4410,2.0
4411,4.1
4412,3.2
4413,0.9
4414,0.1
4415,0.3
4416,0.9
4417,0.4
4418,0.2
4419,0.3
6109,0.7
4420,0.1
4421,0.2
4422,0.1
4423,0.1
4424,0.4
4425,0.0
4426,0.0
4427,0.2
9238,1.0
4428,0.1
4429,0.5
4430,0.2
4431,0.3
4432,0.1
4433,0.1
4434,0.9
4435,1.1
4436,1.0
4437,2.5
4438,0.3
9595,0.1
4439,0.3
4440,0.4
4441,0.1
4442,0.0
4443,0.4
9514,0.5
4444,0.3
4445,0.2
4446,0.3
4447,0.9
4448,5.5
8922,0.0
4451,1.3
4452,0.0
4453,0.2
10513,0.3
4454,0.0
4455,0.0
4456,1.2
4457,0.3
4458,1.1
4459,0.4
4460,30.2
4461,1.5
10354,0.2
10520,0.4
4462,1.7
4463,1.1
4464,1.1
4465,0.5
4466,0.1
4467,0.5
4468,0.6
4469,0.1
4470,0.1
7025,0.2
4471,0.4
4472,0.3
4473,0.1
4474,0.1
4475,1.2
4476,0.3
4477,0.1
4478,0.1
4480,0.8
5772,1.4
4481,0.0
4482,0.7
4483,0.3
9890,0.1
4484,0.2
4485,1.2
4486,1.5
4487,0.2
4488,1.3
4489,0.3
4490,1.0
4491,0.3
4492,0.2
4493,0.0
4494,0.1
6107,1.4
7618,0.0
7033,0.7
4495,0.7
4496,0.1
7759,5.5
4497,0.1
4498,0.1
4499,0.1
5327,0.8
4500,0.1
4501,0.4
4502,0.3
4503,0.2
4504,0.0
10522,0.4
4505,7.9
4506,0.5
4507,0.5
4789,0.4
4508,0.4
4509,0.6
4510,0.3
4511,0.5
4512,0.0
4513,0.2
4514,0.1
4516,1.9
4517,0.6
4518,0.0
4519,0.2
4521,0.3
4522,2.0
4523,15.3
4524,0.1
4525,0.1
4526,1.2
5923,0.3
4527,1.1
4528,0.3
5048,0.2
4529,2.4
4530,0.1
4531,0.2
4532,0.8
10292,0.4
4533,0.3
4534,0.0
4535,0.0
4536,0.4
4537,1.0
4538,0.0
4539,1.5
4540,0.0
4541,0.2
4542,0.1
4543,4.1
7616,0.0
4926,0.1
4544,0.4
4545,1.9
8863,7.3
4546,0.0
4547,2.7
5430,1.9
4549,0.0
4550,0.1
4551,0.6
4552,0.4
8914,0.1
4553,1.2
4554,0.4
4555,0.3
4556,1.2
4557,0.0
4558,0.0
4560,0.3
4561,0.3
4562,0.4
4564,0.2
4565,0.0
5061,1.5
6013,0.4
4566,0.3
4567,0.1
9329,0.1
4568,0.6
4569,0.3
4570,0.1
4571,0.8
9170,0.3
4572,1.4
4573,0.0
4574,0.3
4575,0.0
4576,0.8
4577,0.4
4578,0.4
4579,0.0
7401,0.4
4580,0.8
4581,1.7
4582,1.3
4583,0.2
4584,0.0
4586,1.6
4587,1.7
4588,0.2
4589,0.2
4590,0.7
4591,1.0
4592,0.5
4593,0.0
6252,0.6
4594,1.9
4595,2.2
4596,0.3
5781,0.4
4597,0.1
4598,1.0
4599,0.4
4600,0.1
4601,0.2
4602,0.4
4603,0.2
10264,0.5
4604,0.0
10028,0.2
4605,0.0
6354,0.2
4606,0.2
4607,0.3
4608,0.4
4609,0.9
4701,0.4
4610,0.3
4611,0.4
10484,0.1
10261,0.4
4612,0.2
7057,2.4
4613,0.0
4614,0.0
4615,0.0
4616,0.1
4617,0.9
4618,6.9
4619,0.1
4620,0.2
4621,1.5
4622,0.1
4623,0.0
10352,0.2
4624,0.8
4625,0.4
4626,0.0
4627,0.0
4628,0.0
4629,0.3
8960,0.4
4631,0.1
4632,0.2
10321,2.3
4633,0.4
10379,2.0
4634,0.1
4635,0.4
4636,0.2
4637,0.1
4638,0.0
9026,0.0
7102,0.7
4639,0.2
4640,0.2
4641,0.1
4642,0.3
4643,1.1
4644,1.2
4645,0.3
4646,0.5
10527,1.6
4647,0.4
4648,0.1
5547,0.5
4650,43.0
4649,9.0
4651,0.8
4653,0.1
6240,0.2
4654,1.5
4655,6.4
4656,0.0
4657,3.2
4658,0.2
4659,1.3
4660,0.1
4661,0.0
4663,0.0
8762,0.5
4664,0.9
4666,0.0
4667,0.0
4668,0.1
4669,0.5
10088,0.0
6959,0.0
4670,0.5
4671,0.5
4672,0.1
4673,1.3
4675,0.1
4677,0.3
4678,0.4
4679,0.3
4680,0.0
4681,0.1
4682,0.6
4683,0.3
4684,0.1
4685,0.8
4687,0.5
4688,1.6
4689,0.1
5978,2.3
5979,1.6
4690,0.0
4691,0.1
4693,0.4
4694,0.6
9325,0.0
4695,0.1
4696,0.2
4697,0.1
4698,0.2
4699,0.0
4700,0.6
4702,0.1
4703,0.3
4704,0.3
4705,0.5
4706,0.1
4707,0.3
4708,0.0
4709,1.3
4710,1.0
4711,0.9
4712,0.4
4713,0.0
4714,0.0
4715,0.7
4716,0.0
4717,0.0
4718,0.4
4719,0.5
5123,2.1
4720,0.2
4721,0.1
4722,0.1
4723,0.4
9907,0.0
8714,0.2
4724,0.6
4725,0.4
4726,0.4
4727,0.0
4728,4.4
4729,0.8
8510,0.0
7622,0.1
4730,1.1
4731,1.1
4732,0.1
4733,0.2
4734,0.0
4736,0.8
4737,82.7
4738,66.4
4739,8.0
4740,0.1
6894,0.5
4741,0.4
4742,0.9
4743,3.6
6372,0.4
4744,0.5
4745,0.8
4746,0.1
4747,2.6
4748,0.0
4750,0.4
4751,0.5
4753,0.7
4754,0.4
4755,0.0
4756,0.5
4757,0.2
4758,0.6
4759,0.1
4760,0.2
4761,0.1
4762,0.2
4763,1.6
4764,1.1
5229,0.6
5230,2.7
4765,0.2
4766,0.1
4768,0.2
4769,0.2
4770,0.6
4771,0.5
4772,0.4
4773,0.0
4774,0.1
4775,0.6
4776,0.1
9153,0.1
4777,0.3
4778,0.0
4779,0.8
4780,0.2
4781,0.1
4782,0.8
4783,0.4
4784,0.4
9841,0.1
4785,0.2
4786,0.6
4787,0.2
4788,1.0
4790,0.6
4791,0.5
8577,0.0
4792,0.5
4793,0.3
4794,2.5
4795,0.8
4796,3.2
4797,0.3
4798,0.1
4799,0.1
4800,0.9
8896,0.3
4801,0.2
7699,0.1
4802,0.0
4803,4.5
4804,0.3
4805,8.9
4806,0.1
4807,0.2
4809,0.2
4810,0.8
4811,0.5
4812,0.2
4813,0.2
4814,0.2
4815,0.1
4816,0.0
4818,4.5
4817,4.5
4820,0.1
4822,0.1
4823,0.4
4824,0.1
4825,0.0
4826,1.0
10296,2.9
4828,0.0
4829,0.8
8758,0.1
4831,0.0
4832,0.1
4833,1.4
4834,1.3
4835,0.2
4836,7.4
4837,0.4
4838,0.5
4839,0.1
4840,0.7
4841,1.2
4842,0.3
10452,0.3
4843,0.6
4844,4.4
4845,0.8
4846,0.2
4847,0.0
4848,0.3
4849,0.1
4850,0.5
4851,0.1
4854,0.1
6888,0.4
4855,1.4
4856,11.4
4857,0.0
4858,3.9
4859,0.2
4860,1.2
4861,0.2
4862,0.3
6768,0.2
4863,1.8
4864,0.0
4865,0.0
4866,0.1
4867,0.0
4868,0.0
4869,0.0
4870,2.4
4871,0.1
4872,0.0
4873,0.1
4875,0.0
9662,8.9
4876,2.5
4877,0.1
4878,0.1
4879,2.1
4880,0.6
4881,0.2
4882,0.1
4884,0.2
10364,1.3
4885,0.0
4886,0.7
4887,0.8
7410,0.2
4888,0.2
4889,0.1
4891,0.4
4893,0.0
4894,0.4
4895,2.6
4896,0.9
8828,0.0
4898,0.1
4899,0.0
4900,0.0
4901,0.0
4902,0.4
4903,0.8
4904,0.9
4905,0.5
4906,3.5
4907,1.8
4908,0.6
4909,0.0
4910,0.2
4911,0.5
4912,0.1
4913,0.0
4914,0.7
4915,0.2
4916,0.4
4917,0.5
6533,0.2
4918,0.0
4919,0.2
4920,0.1
4921,0.9
4922,0.0
4923,0.1
4924,0.1
4925,0.5
4927,0.1
4928,1.1
4929,0.1
4931,0.2
4932,0.0
4933,0.1
4934,0.1
4935,0.1
4936,0.0
4937,0.2
9671,0.0
4938,0.6
7746,0.0
4940,0.9
4942,0.8
4943,0.5
10437,0.6
4944,0.3
4945,0.2
4947,2.8
4948,8.4
4949,0.1
4950,1.6
4951,0.3
4952,0.5
4953,1.1
4955,0.1
5591,0.6
4956,1.7
4957,0.5
4958,0.2
4959,0.2
4960,0.1
4961,0.1
4962,0.6
4963,0.2
4964,0.3
4965,1.0
4966,0.1
4967,0.5
4968,0.4
4969,0.4
4970,0.2
4971,0.2
4972,0.1
8881,0.1
4973,0.5
4974,0.0
4975,0.0
4976,0.2
4977,0.5
10541,0.3
4978,0.1
4979,50.6
4980,39.5
4981,0.4
4982,0.5
4983,0.4
4984,0.2
4985,0.1
4986,1.7
4987,0.3
4988,0.0
5025,1.9
4990,0.2
4991,0.1
4992,0.2
4993,0.1
4994,0.0
4995,1.9
4996,0.1
4997,0.1
6982,0.1
4998,0.1
4999,0.1
5000,0.5
9345,0.0
5001,0.2
5002,0.3
5003,0.5
5004,0.0
5005,0.2
5006,0.0
5007,1.3
5008,1.5
5009,0.2
5010,0.0
5011,0.3
5012,0.0
5013,0.1
5017,1.2
5018,0.1
5019,0.0
5021,0.2
5022,0.0
5023,0.2
5024,0.2
5026,0.6
5027,0.3
5028,1.8
7976,1.3
5029,0.1
5030,0.1
5031,0.0
5032,0.1
5033,0.0
7856,0.0
5034,0.0
9725,1.6
5035,0.5
5036,0.8
5037,0.1
10240,1.3
5039,0.6
5040,7.1
5041,0.9
5042,0.5
5043,0.2
5044,0.9
6461,0.1
5045,0.4
5046,0.2
5047,0.0
5049,0.0
5051,0.5
5053,0.2
5054,0.4
5055,3.6
5057,0.2
5058,0.0
5059,1.0
5060,0.1
5062,0.1
8533,0.0
5063,0.0
5064,1.5
5065,0.1
5066,0.1
5067,0.1
5068,0.0
5069,0.0
10482,1.7
5070,0.2
5071,1.2
5072,0.1
5073,0.0
5074,0.3
5075,0.9
5076,0.2
5077,0.6
5078,0.0
5079,0.2
5080,0.0
5081,1.1
5082,0.0
5083,0.3
5084,1.2
5085,0.4
5086,0.2
7524,1.9
5087,0.1
5088,0.0
5089,0.1
5090,0.5
5091,0.3
5092,0.1
5093,0.0
5094,0.2
5095,0.0
5096,0.8
5097,4.7
5098,0.1
5099,0.6
5100,0.9
5101,0.1
5102,0.2
5103,0.3
5104,0.0
10224,0.7
5105,0.5
5106,0.5
5107,0.8
5108,0.0
5109,0.2
5110,0.1
5111,0.1
5112,0.0
5113,0.0
5114,0.0
5116,1.9
5117,0.2
5118,5.4
5119,0.3
5120,0.0
5121,2.2
10375,0.5
5122,0.9
3781,0.5
9675,0.1
5124,0.0
5125,0.1
5126,0.1
5127,0.4
5128,0.0
5129,0.2
5130,0.3
5131,0.0
5133,0.1
5134,0.3
5135,0.2
10462,0.6
5136,2.3
5137,0.1
5138,0.1
5139,0.0
5140,0.4
7903,0.3
5141,0.0
5142,36.4
5143,0.3
5144,2.2
5145,0.0
5146,0.2
5147,8.5
5148,0.8
5149,0.2
5150,0.0
5151,1.4
5152,34.1
5153,0.3
5154,0.4
5155,0.2
7443,0.0
5156,0.5
5157,0.0
5158,0.2
5159,3.2
5160,0.3
9240,0.2
5162,0.3
5163,0.2
5164,0.5
9951,0.2
5165,0.3
5167,1.6
5166,0.2
5168,0.4
5169,2.2
5170,0.1
5171,0.4
5172,0.8
5173,0.2
5174,1.1
5175,0.7
5176,0.8
7157,0.5
5177,0.3
5178,0.3
5179,0.1
5180,0.6
5182,0.4
5183,12.8
5184,0.7
5186,3.3
5187,0.5
5189,0.3
5190,0.1
5191,4.3
5422,0.9
5192,8.8
5193,0.4
5194,0.5
5196,2.8
5197,0.0
5198,0.3
5199,6.0
10514,1.2
8146,0.0
5200,0.3
5201,2.3
5202,0.5
5203,0.1
5204,0.2
5205,0.5
5206,0.5
5207,0.0
5208,0.4
5209,4.6
5210,0.0
5211,0.7
5213,0.3
5214,0.1
5215,0.3
8931,0.0
5216,0.3
5217,0.1
5218,0.1
5219,0.3
5220,0.1
7783,0.4
5221,0.6
5222,1.7
5223,0.0
5224,0.4
5225,1.0
5226,0.1
6897,0.0
10266,0.4
5227,1.1
5228,0.0
5231,1.4
5232,0.6
10412,1.5
5234,0.0
5235,1.0
5236,0.5
7708,0.0
5237,0.0
5238,0.4
5239,0.3
5242,0.3
5243,0.3
5244,23.7
5245,0.1
5246,0.6
5247,0.0
5248,0.1
5249,0.3
5250,0.2
5251,0.1
5252,0.0
5253,1.9
5254,1.1
5255,5.4
5256,1.3
5257,1.9
5258,1.9
10181,0.1
5259,0.1
5260,0.0
5261,0.5
5615,0.5
5262,0.1
5263,2.6
5264,0.3
5265,0.1
5266,0.7
5267,0.6
5268,0.2
5269,2.7
9132,0.0
5270,0.2
5272,0.4
5273,0.0
6449,0.0
9449,0.0
5274,0.3
5275,0.2
5276,2.8
5277,0.1
5278,0.0
5279,1.6
8600,2.1
5280,1.1
5281,0.0
5282,0.5
5283,0.4
5285,0.0
5286,2.3
5287,0.1
5288,0.0
5289,0.7
5290,0.3
5291,0.2
5292,1.8
5293,0.2
5294,0.0
5296,0.6
5297,0.3
5298,2.9
5299,0.5
5300,1.0
5301,1.3
5302,2.2
5303,0.4
5304,0.0
5305,0.5
5306,0.8
5307,1.2
5308,1.6
5309,0.1
5310,0.1
5313,0.0
5314,1.7
5316,0.3
5317,0.2
5318,0.7
5319,0.0
5320,1.1
5321,0.1
5322,0.0
5324,1.3
8820,0.2
5325,0.3
5328,0.1
5329,0.6
5330,0.1
5331,0.9
5333,0.3
5334,0.7
5335,1.6
5418,0.2
5337,1.2
5339,0.1
5340,0.1
5341,0.2
5342,0.4
5343,1.3
5344,1.1
5345,2.0
5347,0.1
5348,2.3
5349,0.0
5350,0.1
5351,0.8
5352,0.4
8711,6.4
5355,0.1
5356,0.0
5357,0.3
5358,0.2
5359,0.2
5360,0.1
5361,1.1
5363,1.9
5362,1.1
5364,0.4
5365,0.9
5366,1.3
5367,0.0
5368,0.7
5369,0.2
5370,0.1
5371,0.3
5374,0.1
5375,0.1
5376,0.1
5377,2.4
5378,0.3
5379,0.4
6175,0.3
5380,0.1
5381,0.3
10247,0.4
5383,0.6
5385,0.1
5386,0.8
5387,0.0
5388,0.0
5389,0.2
5391,0.0
5392,0.0
5393,0.3
5394,0.9
5395,0.0
5396,1.4
5397,0.2
6176,0.4
5398,0.3
5399,0.5
5400,0.0
7977,0.0
5401,2.6
5402,0.0
5403,0.1
5404,0.0
5405,0.1
5406,2.5
5407,0.2
5408,0.2
5409,0.1
5412,0.9
5413,0.1
9842,0.0
5414,2.4
10298,1.6
5415,0.1
5416,0.4
5417,0.2
5419,0.2
5420,5.0
5423,0.1
5424,0.0
5425,0.0
5426,0.2
5427,0.0
5428,1.3
5429,0.1
9070,5.3
5431,0.0
5432,10.4
5433,2.0
5434,5.4
5435,5.1
6257,2.0
5436,0.6
5437,0.8
5439,0.1
5440,0.1
5441,0.2
5443,0.7
5444,0.1
5445,0.3
5446,0.1
9835,0.0
5447,0.0
5448,0.1
5449,0.1
5450,0.4
5451,2.1
5452,0.6
5453,0.1
5454,2.8
5455,0.3
5456,1.0
5457,0.0
10207,0.2
5458,0.0
9612,19.4
5459,7.0
5460,0.7
5461,0.1
6438,0.4
5463,0.4
5464,0.0
5465,0.2
5466,0.4
6874,0.1
5467,0.2
5468,0.6
5469,0.5
5470,1.4
5471,1.8
5472,0.4
5473,0.1
5474,0.1
5475,1.3
5476,0.1
5477,0.0
5479,0.2
5480,0.0
5481,0.3
5482,0.1
10212,7.7
5483,0.1
5484,0.0
5485,0.6
7719,2.9
6693,0.6
5486,3.4
5487,0.3
5488,0.1
5489,0.4
5490,0.8
5491,3.3
5492,0.3
5493,0.3
5494,0.3
5495,0.3
5496,0.0
5497,0.0
5498,0.0
5499,0.0
9933,0.0
5500,0.4
5501,0.1
5502,0.9
5503,1.9
5504,0.0
9930,0.1
5505,0.3
7176,0.0
5506,0.1
5507,0.0
5508,0.5
10309,1.0
5509,0.2
5510,0.0
5511,0.3
5512,0.5
5514,2.1
5515,1.8
5516,0.4
5517,0.1
5518,0.0
5519,1.5
5520,0.2
7706,0.0
5521,0.1
8513,0.5
5523,0.4
5524,0.9
5525,0.2
5526,0.1
5527,0.1
5528,0.1
5529,0.5
5530,1.5
10431,0.5
5531,0.1
5532,0.4
5533,0.6
5534,0.3
5536,0.0
5537,0.5
5538,1.5
8870,0.4
5539,0.0
6286,0.0
5541,0.0
5542,0.8
5543,0.8
5544,0.1
6753,0.7
5549,2.1
5548,1.7
5550,0.0
5551,0.2
5552,2.4
5553,0.1
5554,0.3
5555,0.0
5556,0.0
5557,0.3
5558,1.1
5559,0.1
5560,5.2
5561,0.4
5563,0.0
5564,0.0
5566,0.2
6464,0.8
5567,0.0
5568,0.2
5569,9.2
5570,0.0
5571,0.2
5572,0.1
5573,0.7
5574,2.2
5575,0.0
5576,5.5
5577,0.0
5578,0.0
5579,0.1
5580,3.1
5581,0.7
5582,1.3
5583,0.0
5584,0.7
5585,0.3
5586,0.2
5587,0.1
5588,17.2
10249,5.4
5589,2.7
5590,0.5
5592,0.3
5593,0.1
5594,0.2
5596,2.3
5597,0.5
5598,0.2
5599,0.8
5600,0.0
5601,0.2
5602,0.6
5603,1.9
5604,0.0
5605,3.2
5607,0.2
5608,0.3
5609,0.2
5610,0.1
5611,0.3
5612,0.1
5613,0.6
5614,2.3
5616,0.0
5617,0.3
5618,0.1
5619,0.8
5620,0.0
9346,0.7
7950,0.0
5621,1.2
5622,0.5
5624,13.1
5625,2.4
5627,0.0
5628,0.5
5629,1.0
5630,1.0
5631,0.2
5632,0.0
5633,0.0
5634,2.8
5635,0.1
5637,0.3
10046,0.1
5638,0.6
8633,0.0
5639,0.2
5640,0.0
5641,1.9
5642,0.4
5644,1.0
5645,0.1
5646,0.1
5647,0.2
5648,1.5
5649,0.0
5650,0.1
5651,0.7
5652,2.1
5653,0.2
5654,0.6
5655,0.3
5656,0.0
5657,0.5
5658,0.2
5659,0.3
5660,0.8
9527,0.0
5661,0.4
5662,0.2
5663,0.3
5664,0.2
5665,0.1
5666,0.0
5667,5.3
5668,0.6
5670,0.1
5671,0.1
5672,0.2
5673,0.1
5674,0.1
5675,0.1
5676,0.0
5677,0.2
5679,0.0
5680,0.0
7688,0.5
5681,0.0
5682,0.2
5683,2.9
5684,0.5
5685,1.2
5686,0.2
5687,0.3
5688,0.0
5689,0.1
5690,0.4
5691,0.3
5692,0.3
5693,0.0
5694,0.3
5696,0.0
5697,0.4
5698,0.0
5699,0.0
5700,0.0
5701,0.5
5702,0.1
5703,1.2
5704,0.1
5705,0.9
5706,0.1
5707,0.1
5708,0.2
5709,0.0
5710,0.2
5711,0.0
5712,0.0
5713,0.0
5714,13.2
5715,1.1
5716,0.3
5717,0.0
5718,3.0
5719,0.3
5720,0.3
5721,11.9
5722,0.5
5723,1.0
5724,1.8
5725,0.5
5726,0.7
5727,2.2
5728,0.1
5729,0.6
7395,0.0
5730,0.4
5731,2.9
5732,1.5
5733,0.6
7453,0.5
5734,0.1
5735,0.1
5736,1.0
5737,0.3
5738,0.1
5739,1.7
5740,7.8
5741,0.4
5742,8.6
5743,0.2
10440,0.5
5744,1.3
5745,0.8
5746,0.6
5747,11.4
5748,0.1
5749,0.2
5750,0.1
5751,0.5
5752,0.1
5753,0.0
5754,1.8
5755,0.1
5756,0.1
5757,0.1
5758,0.0
5759,20.9
5760,2.2
5761,0.2
5762,0.2
5763,1.8
5764,0.1
5765,0.1
5766,2.0
5767,0.1
5770,0.0
5771,1.4
9630,0.4
5773,0.3
5774,2.2
5775,0.1
5776,0.1
5778,0.5
5779,1.6
5780,0.1
5782,0.1
5783,0.9
5784,1.0
5785,0.1
5786,0.0
5787,0.2
5788,0.0
5789,0.1
5790,0.0
5791,0.4
5793,0.1
5794,0.1
5795,1.5
5796,0.4
5799,0.1
5800,0.4
5801,0.1
5802,4.6
5803,0.0
5804,0.2
5806,5.9
5807,15.6
5808,0.0
6961,0.1
5809,1.3
5810,0.2
5811,0.0
5812,0.2
5813,0.2
5814,0.0
5815,0.0
5816,0.0
5817,0.2
5818,0.2
5819,0.0
5820,0.1
5821,0.2
5822,0.0
5823,1.4
5824,0.1
5825,1.6
6366,0.5
5826,0.4
5827,0.2
5828,2.9
5829,8.4
5830,0.3
5831,0.1
5832,0.3
5833,0.3
5834,1.3
5835,1.6
5836,0.2
5837,0.2
6667,2.1
6668,1.1
5838,0.2
5839,0.5
5840,0.0
5841,0.8
5842,0.3
5843,0.0
5844,0.2
5845,5.6
5846,0.2
5847,0.3
5848,0.0
5849,0.3
5850,0.2
5851,0.0
5852,0.0
5854,2.5
5853,1.2
5855,0.4
5856,1.3
9085,0.1
5857,0.0
5858,0.0
5859,0.6
5860,0.1
5861,0.3
5862,0.0
5863,0.0
6370,1.3
5864,0.0
5865,0.0
5866,0.7
5867,0.2
5868,0.0
5869,2.1
5871,0.5
8466,0.1
10449,1.1
9857,0.0
5874,0.1
5875,0.1
5876,0.4
5877,0.0
10189,0.1
5878,1.0
5879,0.0
5880,0.9
5881,0.4
5882,0.2
5883,0.8
5884,0.6
5885,0.1
5886,1.2
5887,0.1
8333,0.0
5888,6.1
5889,3.0
6995,1.3
5891,0.2
5892,0.1
5893,0.2
9829,0.5
9116,0.1
5894,0.8
5895,1.3
5896,0.8
5897,0.0
5898,0.2
5899,3.1
5900,0.0
5901,0.1
5902,1.0
5903,0.3
5904,1.1
5905,0.0
5906,0.6
5907,0.6
5908,2.6
5909,0.6
5910,0.3
5911,0.2
5912,3.7
9562,2.6
5913,0.2
5914,0.9
5915,0.3
10260,0.1
5916,3.3
5917,2.3
5918,0.1
5919,0.3
5920,1.2
5921,0.1
5922,1.8
5924,0.1
5925,1.8
5926,0.9
9010,0.8
5927,1.1
8712,0.5
5928,0.2
5929,0.7
5930,0.1
5931,2.4
5932,0.1
5934,0.5
5935,0.0
5936,1.2
5937,0.1
5938,0.0
5939,0.1
5940,0.1
7636,0.1
5941,0.2
7834,0.5
5943,0.1
5944,0.1
6566,0.3
7670,0.1
5945,0.1
10227,0.2
5946,1.5
5947,0.0
5948,0.8
10338,0.3
5949,0.0
5951,0.1
5952,0.2
5953,0.2
5954,0.1
5955,0.1
5956,5.8
5957,0.2
5958,0.1
5959,0.2
5960,1.9
5961,0.7
5963,0.0
5964,0.0
5965,0.0
5967,0.0
5968,0.0
5969,1.0
5970,0.6
5971,0.6
5974,0.0
5975,0.7
5976,0.1
5977,0.5
8655,0.1
5980,0.0
5981,0.4
5982,0.2
5983,0.0
5984,0.9
5985,0.1
5986,0.4
5987,0.0
5988,1.7
5989,0.2
5990,0.0
7821,0.2
5991,0.0
5992,2.0
5993,0.0
10542,0.3
5996,0.2
5997,0.5
5998,2.7
5999,0.2
6000,1.0
6001,0.0
6003,1.0
6004,0.5
6006,0.5
6007,0.0
6008,0.4
6009,0.5
6010,0.0
7888,0.0
6011,0.2
6012,0.2
6014,0.0
6015,0.2
6016,0.0
6017,0.3
6018,0.2
6019,0.0
6020,0.2
6021,0.1
6022,1.1
6023,15.8
6024,0.1
6025,2.6
6026,0.1
6027,0.1
6028,0.4
10427,0.4
6029,0.0
6030,0.8
8027,0.4
6031,0.2
6032,2.2
6033,0.1
6034,0.0
6035,3.6
6037,0.2
8637,0.1
6038,0.1
6039,0.0
6041,0.0
6042,1.3
8033,0.0
6043,0.1
6044,0.3
6046,2.0
6047,0.3
6051,0.4
6052,0.2
6053,1.4
6054,0.1
6055,4.4
6056,0.2
6057,9.4
6058,0.3
6059,0.0
6060,0.1
6061,0.2
6062,0.1
8018,0.1
6063,0.0
6064,0.9
6065,0.1
6066,0.3
6067,0.2
6068,0.5
6070,0.0
6071,2.5
6072,0.2
6073,0.2
6074,0.7
6075,0.4
6076,0.6
6077,2.1
6078,0.0
6079,0.6
8572,0.0
6080,1.2
6081,1.0
6082,2.7
6083,0.1
6084,0.0
6085,0.1
6086,0.1
6087,0.7
6088,0.8
6089,0.8
6090,0.3
6091,0.1
6092,0.2
6093,0.1
6095,1.8
6094,1.9
6096,2.4
6097,0.3
6098,0.9
6099,0.6
6100,0.2
6101,0.3
6102,0.7
6103,0.2
6104,0.2
6105,0.2
6106,0.7
6108,0.1
6110,0.2
6111,0.1
6112,0.1
6113,0.1
6114,1.4
6115,1.5
6116,0.5
6117,0.0
6118,0.0
6119,0.1
6120,0.0
6121,0.1
10284,0.9
6122,3.6
6123,0.0
6124,0.1
6125,0.0
6126,0.0
6127,0.0
6128,0.0
6129,0.1
6130,0.1
6131,0.2
6132,0.2
6133,0.0
6134,0.0
6135,0.5
7125,0.3
6136,0.4
6138,0.2
9204,0.0
6139,0.2
6140,0.1
6141,0.7
6142,0.1
6143,12.5
6144,0.1
6145,0.4
6146,0.6
6149,1.2
6150,3.8
6151,0.0
6152,0.5
6153,0.0
6154,0.6
6155,0.4
6156,0.1
6157,0.2
6158,0.1
6159,0.0
6160,0.3
9859,0.0
6161,2.2
6162,0.4
6163,0.4
6164,3.3
6165,0.2
6166,1.1
6167,0.4
6168,8.7
6169,0.1
6170,1.8
6171,0.1
6172,0.9
6173,0.6
6174,1.0
6178,0.1
6179,3.5
6180,0.5
6181,0.2
6182,0.7
6183,1.1
6184,0.3
6185,0.1
6186,0.2
6187,1.5
6188,0.2
6189,0.7
6190,0.5
6192,0.0
6193,1.1
6194,0.0
6195,0.1
10157,4.8
6196,0.3
6197,1.9
6198,0.0
6199,10.2
6200,0.9
6201,0.1
6202,0.8
6203,0.0
6204,4.1
6205,0.0
6206,0.5
6207,0.2
6208,0.3
6209,0.1
6210,1.6
6211,0.7
6212,0.2
6213,1.4
6214,0.0
6215,0.9
6216,0.2
6217,0.1
6219,0.2
6221,4.2
6222,0.1
6224,4.1
6225,0.0
6226,1.8
6227,0.5
6228,1.4
6229,0.3
6230,0.0
6231,0.7
6232,0.0
6233,8.1
6234,26.2
8401,0.0
6235,0.2
6237,0.1
6238,0.5
6239,1.1
8176,0.1
9820,0.5
6241,0.3
6242,0.1
9957,0.2
6243,0.1
6244,0.0
6245,2.0
6246,0.0
6247,1.3
6248,0.1
6249,0.2
6251,29.6
6253,0.4
6254,0.9
6255,0.2
6256,0.2
6258,0.1
6259,0.0
6261,1.5
6262,0.3
6263,0.1
6264,2.7
6265,0.0
6266,0.2
6267,0.0
6268,2.1
6269,0.1
6270,0.2
6271,0.8
6272,0.2
6273,0.0
6274,1.3
6275,1.3
6276,0.2
6277,0.2
6278,0.0
6279,0.2
6280,0.1
6281,0.0
6282,0.1
8623,0.7
6283,0.0
6284,0.0
6285,0.1
6287,3.2
6288,0.1
6289,0.0
6290,0.0
6291,0.4
6292,0.4
6293,0.4
6294,0.5
6295,0.0
6296,3.2
6297,0.5
6300,0.1
6301,0.5
6302,0.5
6303,1.7
6304,0.1
6305,0.4
6306,0.1
6307,1.3
6308,0.2
6309,0.0
6310,2.6
6311,0.0
6312,0.3
6313,0.4
6314,0.6
6315,0.1
6316,0.4
6317,0.3
6318,0.3
6319,0.5
6320,2.3
6322,4.3
8913,0.1
10474,0.5
6323,2.4
6324,0.0
6325,0.3
6326,0.3
6327,1.3
6390,0.1
6328,0.3
6329,0.1
6330,0.1
6331,0.2
7617,0.1
6332,0.0
6333,0.0
6334,1.1
6335,0.0
6336,0.4
6337,0.1
6338,0.4
6339,0.1
6340,0.1
6341,1.6
6343,1.2
6344,4.3
6345,3.7
6346,0.1
6347,0.0
7532,1.6
6349,0.1
6350,0.0
6351,1.2
6352,0.1
6353,0.0
6355,0.1
6356,0.4
6357,0.0
6358,0.0
6359,1.5
6360,0.1
6362,0.2
6363,0.1
6364,0.0
10494,1.1
6367,0.0
6368,0.5
6369,0.0
6371,0.0
6373,0.4
6374,0.6
6376,0.0
6377,0.3
6378,0.2
6379,0.6
6380,0.0
6381,0.1
6382,0.1
6383,0.1
6384,0.0
6385,0.1
6386,1.2
6387,0.3
6388,0.0
6389,0.2
6391,0.0
6392,0.1
6393,0.1
6394,0.1
6395,0.0
6396,0.0
6397,0.3
6398,0.4
6399,0.4
6400,0.2
6401,0.0
6402,0.3
6404,0.0
10350,0.3
6405,0.3
6406,0.1
6407,0.1
6980,0.2
6408,0.5
6409,0.0
6411,0.2
6412,0.1
6413,1.3
6414,0.1
6415,0.0
6416,0.8
6417,0.0
6418,0.5
9688,0.1
6419,0.2
9232,0.1
6421,0.6
6422,0.8
6423,0.7
6424,0.4
6425,0.3
6426,0.0
9264,1.5
6427,0.1
6428,0.4
6429,0.8
6430,4.2
6431,0.2
6433,0.7
6434,0.7
6435,0.0
6436,0.1
6437,0.1
6440,0.6
6439,2.3
6442,0.7
6443,0.0
9556,0.1
7179,0.0
6444,0.6
6445,0.5
7674,4.0
6446,1.0
6447,0.1
6448,0.2
6450,2.6
6452,0.2
6453,0.1
6454,0.0
6455,0.2
6456,0.3
10533,1.1
6457,0.6
6458,0.5
6459,0.0
6460,1.0
6462,0.3
6463,0.5
6740,0.9
6465,0.1
6466,0.5
6467,0.1
7297,0.0
6468,1.3
6469,0.0
6470,0.1
6471,0.0
6472,0.1
6473,1.5
6474,1.2
6475,0.0
6476,0.8
6477,0.1
9270,0.1
6478,0.5
6479,0.0
10425,0.1
6481,0.3
6482,0.1
6483,0.4
6484,5.0
6485,0.7
10283,0.6
6487,0.4
6488,0.1
6489,0.0
6490,1.7
6491,0.2
6492,0.3
6493,0.2
6494,0.5
6495,0.0
6496,0.0
9743,0.1
6497,0.0
7828,0.0
7358,0.0
6498,0.2
6499,0.2
6500,0.1
6501,0.1
6502,0.2
6503,0.0
6504,2.0
6505,1.7
6506,0.0
6507,0.2
9988,0.1
9356,0.2
6508,0.6
6509,0.0
6510,0.2
6511,0.1
6512,0.3
6513,0.1
6514,0.5
6515,0.1
6516,0.4
6517,0.2
6518,0.1
6519,0.1
6520,0.1
6523,6.0
7167,0.1
8989,4.4
6524,0.2
6525,0.0
6526,0.2
10003,0.7
6527,0.4
6614,0.6
7320,1.6
6528,0.5
6529,0.6
6530,0.1
6531,0.5
6962,1.6
6532,3.5
6534,0.8
10481,1.6
7388,0.3
6535,0.1
6536,0.1
6537,0.1
6538,0.2
6539,2.5
6540,0.4
6541,2.7
6542,0.1
6543,2.1
6544,0.2
6545,0.0
6546,0.3
6547,0.5
6548,0.1
6549,0.1
6550,0.4
6551,0.3
6552,1.1
8312,0.0
6553,0.0
6554,0.5
6555,0.6
6556,0.6
6557,1.4
6558,1.5
6559,1.5
6560,0.2
6561,0.0
6562,0.2
6563,1.2
6564,1.0
6565,0.1
6567,0.3
6568,0.0
6569,1.2
6570,1.7
6571,0.4
6572,0.0
6573,0.4
6574,0.6
6575,0.2
6576,0.3
6577,44.8
6578,26.8
6579,0.0
6580,0.3
6581,0.1
6582,0.4
6583,0.2
6584,0.4
6585,0.1
6586,0.1
6587,0.0
6588,0.2
6589,0.4
6590,0.1
6591,1.0
6592,1.7
6593,2.8
6594,1.3
6595,2.9
6596,0.7
6597,0.4
6598,0.2
6600,0.0
8383,0.0
6601,0.5
6602,0.0
10478,0.2
6604,0.2
6605,0.1
6606,0.4
6607,0.1
6608,0.1
6609,0.0
6610,0.0
6611,0.2
6612,0.1
6613,0.5
6616,0.9
6617,0.0
6618,0.2
6619,0.2
6620,1.2
6621,0.4
6622,1.0
6623,2.0
6624,0.0
6625,0.2
6626,1.0
6627,0.2
6628,0.0
6629,0.4
6630,0.6
6631,0.4
6632,0.0
6633,0.8
6634,2.0
6635,0.6
6636,0.3
6637,0.3
6638,0.3
6639,3.3
6640,1.5
6643,3.3
6644,13.9
6645,21.2
6646,2.0
6647,1.6
6648,0.3
6649,3.8
6650,3.2
6651,13.6
6652,4.6
6653,6.2
6654,1.5
6655,0.3
6656,1.8
6657,2.3
6658,0.9
6659,0.5
6660,12.2
6661,5.5
6662,0.9
6663,2.2
6664,3.6
6665,1.5
6666,1.6
6669,4.0
6670,2.1
6671,3.9
6672,3.1
6673,7.4
6674,0.8
6675,33.8
6676,25.4
6677,1.8
6678,1.0
6679,0.8
6680,14.4
6681,76.9
6682,2.6
6683,0.4
6684,0.6
6685,8.5
6686,1.5
6687,2.6
6688,1.0
6689,1.4
6690,5.5
6691,1.2
6692,2.9
6694,1.4
6695,0.9
6698,0.4
6699,2.3
6700,1.7
6702,0.6
6703,4.9
6704,10.2
6705,4.4
6706,22.0
6707,5.9
6709,2.5
6710,3.5
6711,0.6
6712,10.1
6713,7.7
6714,2.0
6715,0.9
6716,1.2
6717,5.3
6718,1.7
6719,2.8
6720,0.5
6721,2.6
6722,5.1
3753,1.9
6724,17.5
6725,5.2
6726,2.8
6728,2.6
6729,1.0
6730,0.2
6731,1.8
6732,8.4
6733,20.5
6734,0.3
6735,2.5
6736,1.5
6739,17.4
6741,2.7
10492,21.7
6742,2.4
6744,2.7
6745,4.3
6746,11.6
6747,1.9
6748,0.4
6749,2.0
6750,2.1
6751,1.8
6752,5.0
6754,1.2
6755,1.8
6756,2.7
6757,2.1
6758,3.1
6759,2.3
6760,0.5
6761,14.4
6762,3.3
6763,2.7
6764,6.2
6765,1.6
6766,0.4
6767,4.0
6770,1.0
6771,1.5
6772,7.6
6773,2.9
6774,1.2
6775,0.6
6776,1.7
6777,3.3
6778,11.8
6779,1.8
6780,1.4
6781,12.6
6782,9.9
6783,6.5
6785,2.8
6786,14.4
6787,0.2
6788,1.4
6789,2.1
6790,2.6
6791,0.8
6792,0.5
6793,6.0
6794,4.0
6795,9.4
6796,17.6
6797,0.4
6798,9.7
6799,5.7
6800,2.4
6801,8.1
6802,0.9
6804,2.5
6805,0.9
10406,26.2
6806,2.2
6807,2.5
6809,1.9
6810,5.4
6811,0.4
6813,3.0
6814,2.4
6815,15.1
6816,3.4
6817,4.4
6818,1.7
6819,3.8
6820,5.4
6821,1.0
6822,2.9
6825,3.9
10336,25.4
6826,14.2
6827,0.3
6828,2.2
6829,2.0
6830,10.4
6831,4.1
6832,30.4
6833,8.1
6834,8.5
6835,7.6
6836,1.2
6837,2.6
6839,79.9
6840,2.3
6841,5.4
6842,1.9
6843,2.4
6844,9.9
6845,2.1
6846,1.8
6847,6.3
6848,0.7
6849,14.3
6850,2.1
6851,1.6
6853,2.9
6854,2.6
6855,8.1
6856,3.7
6857,53.6
6858,8.6
6860,7.8
6861,12.3
6863,18.2
6864,12.1
6865,8.1
6866,15.9
6867,2.1
6868,12.1
6869,2.0
6870,6.4
6871,1.5
6872,26.4
6873,5.4
6875,0.0
6876,0.0
6877,0.0
6879,0.0
6880,0.0
6881,0.1
6883,0.6
6884,0.2
6885,0.1
6889,0.4
6891,0.1
6892,0.0
6893,0.1
6895,0.0
6896,0.0
6898,0.0
6899,0.0
6900,0.0
6901,0.3
6902,0.2
6903,0.0
6904,0.0
6906,0.0
6907,0.0
6908,0.1
6910,0.1
6911,0.0
6913,0.1
6914,0.0
6915,0.0
6916,0.0
6917,0.0
6918,0.0
6919,0.0
6920,0.0
6921,0.0
6922,0.0
6923,0.2
6924,0.0
6925,0.1
6926,0.1
2296,0.2
6927,0.0
6929,0.0
6930,0.1
6931,0.0
6932,0.1
6935,0.1
6936,0.0
6937,0.0
6938,0.3
6939,0.0
6940,1.1
6941,0.0
6942,0.0
6943,0.0
6946,0.1
6947,0.1
6948,0.0
6949,0.0
6950,0.0
6951,0.1
6952,0.0
6953,0.0
6954,5.4
6955,0.0
6957,0.1
6958,0.0
6960,0.0
6963,0.0
6964,0.1
6965,0.0
6966,0.8
6967,0.0
6969,0.0
6970,0.1
6971,0.5
6972,0.0
6973,0.0
6974,0.0
6975,0.2
6976,0.1
6977,0.0
6978,0.3
6979,0.0
6981,0.0
6983,0.0
6984,0.0
6985,0.0
6986,0.0
6987,0.1
6988,0.0
6989,0.1
6990,0.0
6991,0.1
6992,0.1
6993,0.0
6994,0.0
6996,0.0
6997,0.0
6998,0.1
6999,0.3
7000,0.3
7002,0.0
7003,1.0
7004,0.3
7005,0.8
7006,0.0
7007,0.2
7008,0.1
7009,0.0
7010,0.7
7011,0.1
7012,0.0
7013,0.4
7014,0.0
7015,0.1
7016,0.1
7017,0.0
7018,0.1
7019,0.0
7020,0.1
7021,0.0
7022,0.0
7023,0.9
7024,0.0
7026,0.2
7027,0.5
7028,0.4
7029,0.3
7031,0.0
7034,0.0
7035,0.4
7036,0.0
7037,0.2
7038,0.0
7039,0.0
7040,0.2
7041,0.1
7042,0.0
7043,0.0
7044,0.1
7045,0.0
7046,0.0
7047,3.6
7048,0.3
7049,0.0
7050,0.0
7051,0.4
7052,0.4
7053,0.1
7054,0.0
7055,0.7
7056,0.0
7058,0.0
7059,0.0
7061,0.0
7062,0.0
7063,0.1
7065,0.0
7066,0.5
7067,0.0
7068,0.0
7069,0.0
7071,0.1
7072,0.0
7073,0.2
7074,0.0
7075,0.0
7076,0.0
7077,0.2
7078,0.1
7079,0.4
7080,0.2
7081,0.7
7082,0.4
7084,0.0
7085,0.0
7086,0.1
7087,0.0
7088,0.1
7091,0.1
7093,0.0
7094,0.7
7095,0.0
7096,0.0
7097,1.5
7098,0.4
7099,0.2
7101,0.6
7103,0.0
7104,0.0
7106,0.1
7107,0.0
7109,0.4
7110,0.1
7111,0.0
7112,0.0
7114,0.1
7115,0.0
7116,0.0
7117,0.0
7118,0.3
7119,0.0
7120,0.3
7121,0.0
7122,0.0
7123,0.2
7124,0.0
7126,0.0
7127,0.0
7128,0.2
7129,0.1
7130,0.2
7131,0.1
7132,0.0
7134,0.0
7136,0.0
7138,0.3
7139,0.1
7140,0.0
7141,0.3
7142,0.0
7143,0.0
7144,0.4
7145,0.1
7146,0.1
7147,0.0
7149,0.0
7150,0.1
7151,0.0
7152,0.0
7153,0.0
7154,0.0
7155,0.2
7156,0.0
7158,0.0
7160,0.0
7161,0.0
7162,0.2
7163,0.0
7164,0.0
7165,0.0
7166,0.0
7168,0.0
7169,0.0
7170,0.0
7171,0.1
7173,0.7
7174,0.0
7175,0.5
7178,0.0
7180,0.0
7181,0.1
7182,0.0
7183,0.1
7184,0.0
7185,0.0
7187,0.1
7188,0.1
7189,0.1
7191,0.0
7192,0.0
7193,0.0
7194,0.1
7195,0.1
7196,0.3
7197,0.0
7198,0.0
7199,0.0
7200,0.5
7201,0.0
7202,0.0
7203,0.0
7204,0.5
7205,0.1
7206,0.2
7207,0.0
7208,0.1
7209,0.0
7210,0.3
7211,0.0
7212,0.0
7213,0.7
7214,0.0
7216,0.0
7217,0.0
7218,0.1
7220,0.1
7221,0.2
7222,0.0
7223,0.1
7224,0.0
7225,0.0
7226,0.0
7227,0.3
7228,0.0
7229,0.0
7230,0.0
7231,0.2
7232,0.0
7233,0.4
7234,0.0
7235,0.1
7236,0.1
7237,0.0
7238,0.1
7239,0.0
7240,0.0
7241,0.0
7242,0.0
7243,0.0
7245,0.1
7246,0.3
7247,0.1
7248,0.0
7249,0.7
7250,0.0
7251,0.0
7252,0.0
7253,0.0
7254,0.1
7256,0.0
7257,0.0
7258,0.0
7259,0.0
7260,0.0
7261,0.1
7262,0.0
7263,0.0
7264,0.2
7265,0.3
7266,0.0
7267,0.1
7268,0.0
7269,0.0
7270,0.0
7271,0.1
7272,0.0
7273,0.0
7274,0.0
7275,0.0
7276,0.0
7277,0.0
7278,0.0
7279,0.0
7280,0.2
7281,0.0
7282,0.0
7283,0.0
7284,0.6
7286,0.0
7287,0.0
7288,0.0
7289,0.0
7290,0.0
7292,0.1
7291,0.0
7293,0.0
7294,0.0
7295,0.0
7296,5.8
7298,0.1
7299,0.0
7300,0.2
7301,0.0
7302,0.7
7303,0.0
7304,0.0
7306,0.0
7307,0.0
7308,0.1
7309,0.0
7310,0.0
7311,0.0
7312,0.0
7314,0.0
7315,0.4
7316,0.1
7318,0.0
7321,0.0
7322,0.4
7323,0.1
7324,0.1
7325,0.0
7326,0.0
7327,0.2
7328,0.0
7329,1.5
7330,0.1
7331,0.3
7332,0.8
7333,0.2
7334,0.2
7335,0.1
7336,0.0
7337,0.1
7338,0.0
7339,0.1
7340,0.1
7341,0.0
7342,0.0
7343,0.4
7344,1.0
7345,0.2
7346,0.5
7347,0.0
7348,0.0
7349,0.0
7350,0.4
7351,0.0
7352,0.0
7353,0.6
7354,0.0
7355,0.0
7356,0.0
7357,0.2
7359,0.0
7360,0.4
7361,0.4
7362,0.1
7363,0.0
7364,0.0
7365,0.0
7367,0.0
7368,14.4
7370,0.0
7371,0.3
7372,50.7
7373,0.0
7374,12.6
7375,2.7
7376,0.2
7377,0.0
7378,0.0
7380,0.0
7381,0.1
7382,0.1
7383,0.1
7384,0.0
7386,0.0
7387,0.0
7389,0.0
7390,1.8
7391,0.4
7392,0.0
7393,0.0
7394,0.0
7397,0.0
7398,0.1
7399,0.0
7400,0.0
7402,0.0
7403,0.0
7404,0.1
7405,0.1
7406,0.0
7407,0.1
7408,0.0
7409,0.3
7411,0.2
7412,0.2
7413,0.0
7414,0.0
7415,0.6
7416,0.0
7417,0.3
7418,0.0
7419,0.2
7420,0.1
7421,0.0
7422,0.1
7423,0.2
7425,0.1
7426,0.1
7427,0.0
7428,3.5
7429,0.2
7430,0.5
7431,4.1
7432,0.1
7433,2.3
7434,0.1
7435,0.0
7436,0.1
7438,0.1
7439,0.0
7440,15.4
7441,0.0
7442,0.2
7445,0.6
7447,0.0
7448,0.1
7449,0.1
7450,0.0
7451,0.1
7452,1.3
7454,0.1
7455,0.0
7456,0.1
7457,0.0
7458,0.8
7459,0.2
7460,0.0
7461,0.3
7462,0.0
7463,0.1
7464,0.0
7465,0.4
7466,0.3
7467,0.0
7468,0.2
7469,0.1
7470,0.0
7471,0.5
7472,0.3
7473,0.4
7475,0.0
7476,0.3
7477,0.0
7478,0.4
7479,0.2
7480,2.9
7481,0.0
7482,0.0
7483,0.0
7484,0.2
7486,0.0
7487,0.0
7488,0.0
7489,0.1
7490,0.6
7492,0.0
7493,0.0
7494,0.0
7495,0.1
7496,0.0
7497,0.1
7498,0.3
7499,0.0
7500,0.0
7501,0.3
7502,0.0
7503,0.1
7504,0.1
7505,0.0
7506,0.0
7507,0.0
7509,0.3
7510,0.4
7511,0.0
7512,0.0
7513,0.4
7514,0.0
7515,0.2
7516,0.0
7517,0.0
7518,0.0
7520,0.0
7521,0.8
7522,0.1
7523,0.0
7525,0.0
7526,0.0
7527,0.1
7528,0.0
7529,0.0
7530,0.0
7531,0.0
7533,3.6
7534,0.0
7535,0.1
7536,0.2
7537,0.0
7538,0.0
7539,0.0
7540,0.0
7541,0.0
7542,0.3
7544,0.0
7545,0.0
7546,0.3
7547,0.3
7548,0.0
7549,0.0
7550,0.2
7551,0.0
7552,0.0
7553,0.0
7554,0.0
7555,3.4
7556,0.0
7557,0.1
7558,0.0
7559,0.0
7560,0.0
7561,0.1
7562,0.0
7563,1.2
7564,0.1
7565,0.0
7566,0.0
7567,0.0
7568,0.3
7569,0.0
7570,0.0
7571,0.0
7572,0.1
7573,0.0
7575,0.4
7576,0.0
7577,0.0
7578,0.0
7579,0.0
7580,0.0
7582,0.1
7583,0.0
7584,0.0
7585,0.2
7586,0.5
7587,0.0
7588,0.0
7589,0.5
7590,0.0
7591,0.1
7593,0.0
7596,0.0
7597,0.1
7598,0.2
7599,0.1
7600,0.2
7601,0.0
7602,0.1
7604,0.1
7605,0.0
7607,0.0
7608,0.1
7609,0.0
7610,0.4
7611,0.0
7613,0.4
7614,0.1
7615,0.1
7619,0.4
7620,0.0
7621,4.1
7623,0.0
7624,0.0
7625,0.2
7626,0.3
7627,0.0
7628,0.4
7629,0.0
7630,0.0
7631,0.0
7632,1.4
7633,0.0
7634,0.0
7635,0.2
7637,0.1
7638,0.1
7639,0.1
7640,0.0
7641,0.0
7642,24.2
7643,0.0
7645,0.1
7646,0.0
7647,0.1
7648,0.0
7649,0.3
7650,0.0
7651,0.0
7652,0.0
7653,0.0
7654,0.0
7655,0.1
7656,0.2
7657,0.0
7658,0.0
7659,0.1
7660,0.1
7661,0.3
7662,0.1
7663,0.3
7664,0.0
7665,0.0
7666,0.0
7667,0.0
7668,0.0
7669,0.1
7671,0.3
7672,0.0
7673,0.1
7675,0.0
7676,0.1
7677,0.0
7678,0.4
7679,0.0
7680,0.0
7681,0.2
7682,0.1
7683,0.0
7684,0.9
7685,0.4
7686,0.0
7687,0.0
7689,0.1
7690,0.1
7691,0.0
7692,0.0
7693,0.0
7694,0.0
7695,1.5
7696,0.0
7697,0.0
7698,0.0
7701,0.2
7702,0.1
7703,0.0
7704,0.0
7705,0.0
7707,0.1
7709,0.0
7710,2.2
7712,0.0
7713,0.0
7714,0.0
7715,0.2
7716,0.0
7717,0.0
7720,0.3
7721,0.0
7722,0.0
7723,0.2
7724,0.0
7725,0.0
7726,0.0
7727,0.0
7728,0.0
7729,0.0
7730,0.1
7731,0.0
7732,0.1
7733,0.0
7734,0.0
7735,0.0
7736,0.0
7737,0.3
7738,0.0
7739,0.2
7740,0.2
7741,0.5
7742,0.4
7743,0.1
7744,0.0
7747,0.0
7748,0.2
7749,0.1
7750,0.2
7751,0.0
7752,0.0
7753,0.0
7754,0.0
7755,0.0
7756,0.0
7757,0.0
7758,0.5
7760,0.0
7761,0.0
7762,0.0
7763,0.1
7764,0.0
7765,0.1
7766,0.0
7767,0.0
7769,0.0
7770,0.0
7771,0.0
7772,0.1
7773,0.1
7774,0.2
7775,0.1
7776,0.0
7777,0.1
7778,0.0
7779,0.3
7780,0.0
7781,0.1
7782,0.4
7784,0.0
7785,0.0
7786,0.0
7787,0.0
7788,0.3
7789,0.0
7790,0.0
7792,0.3
7793,0.0
7794,0.0
7795,0.0
7797,0.0
7798,0.1
7799,0.0
7800,0.2
7801,0.0
7802,0.3
7803,0.1
7804,0.0
7805,0.3
7806,0.0
7808,0.3
7809,0.0
7810,0.0
7811,2.5
7812,0.1
7813,0.6
7814,0.0
7815,0.0
7816,0.0
7817,8.2
7818,0.1
7819,0.0
7820,0.0
7822,0.3
7823,0.0
7824,0.2
7825,0.0
7827,0.1
7829,0.0
7830,0.3
7831,0.0
7832,0.0
7833,0.0
7835,0.0
7836,0.1
7837,0.2
7838,0.0
7839,0.0
7840,0.6
7841,0.1
7842,0.0
7843,0.0
7844,0.8
7846,0.2
7847,0.0
7848,0.0
7849,0.1
7850,0.1
7851,0.0
7852,0.3
7853,0.0
7854,0.1
7855,0.2
7857,0.0
7858,0.0
7859,0.0
7861,0.5
7862,0.0
7863,0.3
7864,0.0
7865,0.4
7866,0.0
7867,0.0
7868,0.0
7869,0.1
7870,0.2
7871,0.0
7872,0.0
7873,0.0
7874,0.0
7875,0.0
7876,0.0
7877,0.0
7878,28.9
7879,0.0
7880,0.0
7881,0.0
7882,0.6
7883,0.0
7885,0.0
7886,0.0
7887,0.0
7889,0.3
7890,0.3
7891,0.0
7892,0.0
7893,0.0
7894,0.0
7895,0.0
7896,0.0
7897,0.0
7898,1.1
7899,0.0
7900,0.0
7901,0.1
7902,0.1
7904,0.0
7905,0.1
7906,0.0
7907,0.0
7908,0.1
7909,0.1
7910,0.0
7911,0.0
7912,0.1
7913,0.2
7914,0.0
7915,0.3
7916,0.0
7917,0.0
7918,3.5
7919,0.0
7920,0.0
7921,0.0
7922,0.2
7923,0.1
7924,0.0
7925,0.0
7927,0.0
7928,17.8
7929,1.1
7930,0.2
7931,0.0
7932,0.0
7933,0.0
7934,0.5
7935,0.0
7936,0.0
7937,0.0
7938,0.0
7939,0.0
7940,0.0
7941,0.0
7942,0.9
7943,0.3
7944,0.0
7945,0.4
7946,0.0
7947,0.1
7948,1.0
7949,0.6
7951,0.0
7952,0.3
7953,0.0
7954,0.0
7955,0.3
7956,0.0
7957,0.0
7958,0.1
7959,0.3
7960,1.1
7961,0.4
7962,0.1
7963,0.1
7964,0.4
7965,0.0
7966,0.0
7967,0.0
7968,0.0
7969,0.0
7970,0.1
7971,0.0
7972,0.0
7973,0.6
7974,0.0
7975,0.0
7978,0.2
7979,0.0
7980,0.1
7981,0.0
7982,0.4
7983,0.1
7984,0.1
7985,0.0
7986,0.0
7987,0.2
7988,0.0
7989,0.1
7990,3.7
7991,0.1
7992,0.0
7993,0.1
7995,0.2
7996,0.0
7997,0.0
7998,0.1
7999,0.0
8000,0.0
8001,0.0
8002,0.0
8003,0.1
8005,0.1
8006,0.3
8007,0.0
8008,0.0
8009,0.1
8010,0.0
8011,0.0
8012,0.2
8013,10.5
8014,0.0
8015,0.0
8016,0.0
8017,0.0
8019,0.1
8020,0.3
8021,0.2
8022,0.1
8023,0.2
8024,0.0
8025,0.0
8026,0.1
8028,0.1
8029,0.1
8030,0.0
8031,0.1
8032,0.1
8034,0.0
8035,0.2
8036,0.4
8037,0.1
8038,0.0
8039,0.0
8040,0.2
8041,0.3
8042,0.0
8043,0.0
8044,0.5
8045,0.0
8047,0.0
8048,0.0
8050,0.1
8051,0.0
8052,0.1
8053,0.1
8054,0.0
8055,0.0
8056,0.0
8057,44.1
8058,0.0
8059,0.0
8060,0.0
8061,0.0
8063,0.0
8064,0.1
8065,0.0
8066,0.0
8067,0.0
8068,3.5
8069,0.0
8070,0.0
8071,0.0
8072,0.1
8073,0.2
8074,0.0
8075,0.1
8076,0.1
8077,0.0
8078,0.1
8079,0.1
8080,0.0
8081,0.0
8082,0.3
8083,0.0
8084,0.0
8085,0.1
8086,0.3
8087,0.0
8089,0.0
8090,0.1
8091,0.1
8092,0.1
8093,0.0
8094,0.1
8095,0.1
8096,0.0
8097,0.3
8098,0.0
8099,0.0
8100,0.1
8101,0.2
8102,0.2
8104,0.2
8105,0.0
8107,0.1
8108,0.1
8109,0.0
8110,0.3
8111,0.0
8112,0.0
8113,0.0
8114,0.0
8115,0.0
8116,0.0
8117,0.1
8118,0.0
8119,0.1
8120,2.9
8121,0.6
8122,0.1
8123,0.0
8124,0.9
8125,0.5
8126,0.1
8127,0.0
8128,0.0
8129,0.0
8130,0.0
8131,1.0
8132,0.0
8134,0.0
8135,0.0
8136,0.5
8138,0.0
8139,0.4
8140,0.0
8141,0.0
8142,0.5
8143,0.1
8144,0.0
8145,0.0
8148,0.0
8149,0.1
8151,0.1
8152,1.0
8153,0.2
8154,0.0
8155,0.0
8156,0.1
8157,0.0
8158,0.0
8159,0.0
8160,0.0
8161,0.6
8163,0.0
8164,0.1
8165,0.8
8166,0.1
8167,0.0
8168,0.1
8169,0.0
8170,0.0
8172,0.0
8173,8.6
8175,0.1
8177,0.0
8178,0.4
8179,0.0
8180,0.0
8181,0.0
8182,0.1
8183,0.0
8184,0.0
8185,0.0
8186,0.0
8187,0.0
8188,0.0
8189,0.0
8190,0.0
8191,0.0
8192,0.0
8193,0.3
8194,0.1
8195,0.0
8196,0.0
8197,0.1
8198,0.2
8199,0.4
8200,0.1
8201,0.1
8202,0.1
8203,0.0
8204,0.1
8205,0.0
8206,0.4
8207,0.0
8208,0.1
8209,0.2
8210,0.0
8211,0.0
8212,0.1
8213,0.2
8215,0.0
8216,0.0
8217,0.0
8218,0.0
8219,0.2
8220,0.0
8221,13.3
8222,0.1
8223,0.0
8224,0.0
8225,0.1
8226,0.5
8227,0.0
8228,0.0
8229,0.0
8230,0.2
8232,0.2
8233,0.0
8234,0.0
8235,0.4
8236,0.2
8237,0.0
8238,0.0
8239,0.3
8240,0.6
8241,0.1
8242,0.0
8243,0.4
8244,0.2
8246,0.1
8247,0.0
8248,0.1
8249,0.0
8250,0.0
8251,0.0
8252,0.1
8253,0.1
8254,0.3
8255,0.1
8256,0.4
8257,0.1
8258,0.3
8259,0.2
8260,0.0
8261,0.1
8262,0.0
8264,0.2
8266,0.5
8267,0.3
8268,0.1
8269,0.0
8270,0.2
8271,0.0
8272,0.0
8273,0.0
8274,0.2
8275,0.0
8276,0.0
8277,0.0
8278,0.4
8279,0.0
8280,0.0
8281,0.1
8282,0.0
8283,0.0
8284,0.1
8285,0.2
8286,0.0
8288,0.1
8289,0.0
8290,0.1
8291,0.3
8292,0.2
8294,0.2
8295,0.2
8296,0.2
8297,0.0
8298,0.0
8299,0.0
8300,0.0
8301,0.1
8302,1.3
8303,0.3
8304,0.0
8305,0.0
8306,0.0
8307,0.5
8308,0.3
8309,0.2
8310,0.3
8311,0.0
8313,0.0
8314,0.0
8315,0.1
8316,0.0
8317,0.0
8318,0.0
8319,0.0
8320,0.0
8321,0.1
8322,0.0
8323,0.1
8324,0.0
8325,0.5
8326,0.0
8327,0.1
8328,0.2
8330,0.5
8331,0.0
8332,0.0
8334,0.2
8335,0.2
8336,0.2
8337,0.0
8338,0.2
8339,0.0
8340,0.1
8341,0.1
8342,0.1
8343,0.0
8344,0.0
8345,0.0
8346,0.2
8347,0.0
8348,0.0
8349,0.1
8350,0.0
8351,0.0
8352,0.0
8353,0.0
8354,0.1
8355,0.0
8356,0.1
8357,0.1
8358,0.0
8359,0.1
8360,0.0
8361,0.4
8362,0.0
8363,6.9
8364,0.0
8365,0.1
8366,0.4
8368,0.0
8369,0.0
8370,0.0
8371,0.0
8372,0.0
8373,0.0
8374,0.4
8376,0.0
8377,1.5
8378,0.0
8379,0.2
8380,0.1
8381,0.5
8382,0.1
8384,0.1
8386,0.0
8387,0.0
8388,0.2
8389,0.3
8390,0.6
8391,0.2
8392,0.4
8393,0.1
8396,0.1
8397,0.0
8398,0.0
8399,0.0
8400,0.0
8402,0.0
8403,0.2
8404,0.1
8405,0.0
8406,0.0
1416,0.0
8407,0.7
8408,0.0
8409,0.1
8411,0.0
8412,0.0
8413,0.1
8414,0.1
8415,0.0
8416,0.1
8419,0.4
8420,0.2
8421,0.2
8422,0.0
8423,0.0
8424,0.0
8425,0.7
8426,1.7
8427,28.7
8428,0.1
8429,0.0
8430,0.0
8431,0.0
8432,0.1
8433,1.3
8434,0.1
8435,0.2
8436,0.0
8437,0.0
8438,0.0
8439,0.0
8440,0.0
8441,0.0
8442,0.2
8443,0.1
8444,0.2
8445,0.3
8446,0.7
8448,0.1
8449,0.0
8450,2.6
8451,0.0
8453,0.1
8454,0.3
8455,0.4
8456,0.0
8457,0.2
8458,0.0
8459,0.0
8460,0.0
8461,0.2
8462,0.4
8463,0.0
8465,0.0
8467,0.0
8468,0.2
8469,0.1
8470,0.0
8471,0.3
8472,0.5
8473,0.0
8474,0.4
8475,0.0
8476,0.0
8477,0.1
8478,0.0
8479,0.0
8481,0.0
8482,0.5
8484,0.3
8485,0.0
8486,0.2
8488,0.2
8489,0.1
8490,0.2
8491,0.0
8492,0.1
8494,0.0
8495,0.0
8496,0.3
8497,0.1
8498,0.0
8499,0.1
8502,0.1
8503,0.4
8504,0.3
8505,0.0
8506,0.0
8507,0.0
8508,0.0
8509,0.0
8511,0.1
8512,0.0
8514,0.5
8515,1.2
8517,0.0
8518,0.0
8519,0.1
8520,0.2
8521,0.1
8523,0.0
8524,0.0
8525,0.0
8526,0.0
8527,0.0
8528,0.1
8529,0.0
8530,0.2
8532,0.0
8534,0.0
8536,0.3
8537,0.0
8538,0.1
8539,0.1
8540,0.0
8541,0.0
8542,0.0
8543,0.2
8544,0.0
8545,0.0
8546,0.0
8547,0.0
8548,0.0
8549,0.0
8550,0.2
8551,0.0
8552,0.0
8553,0.0
8554,0.0
8555,0.1
8556,0.0
8557,0.0
8558,0.3
8559,0.1
8560,0.0
8561,0.0
8562,0.0
8563,0.1
8564,0.0
8565,0.1
8566,0.1
8567,0.1
8569,0.0
8571,0.1
8573,0.0
8574,0.0
8575,0.3
8576,0.0
8578,0.0
8579,0.1
8580,0.0
8581,0.0
8582,2.1
8584,0.0
8585,0.0
8586,0.0
8587,0.0
8588,0.0
8589,0.1
8590,0.0
8591,0.0
8593,0.1
8594,0.0
8595,0.0
8596,0.0
8597,0.0
8598,0.2
8599,0.0
8602,0.0
8603,0.0
8604,0.2
8605,0.6
8606,0.1
8608,0.0
8610,0.0
8611,0.1
8612,0.0
8613,0.1
8614,0.2
8615,0.1
8616,0.0
8617,0.0
8618,0.0
8619,0.0
8620,0.3
8621,0.7
8622,0.1
8624,0.2
8625,0.1
8626,0.0
8627,0.0
8628,0.1
8630,0.0
8631,0.0
8632,0.0
8634,0.1
8635,0.0
8636,0.0
8638,0.3
8639,0.0
8640,0.0
8641,0.7
8642,0.0
8643,0.0
8644,0.0
8645,0.0
8646,0.2
8647,0.0
8648,0.1
8649,0.0
8650,0.2
8651,0.2
8653,0.0
8654,0.1
8656,0.0
8657,0.2
8658,0.1
8659,0.0
8660,0.0
8661,50.6
8662,0.1
8663,0.2
8664,0.0
8665,0.2
8666,0.0
8667,0.2
8668,0.3
8669,0.0
8671,0.0
8672,0.0
8673,0.0
8674,0.1
8675,0.4
8676,0.0
8677,0.0
8678,0.3
8679,0.1
8680,0.2
8681,0.1
8682,0.1
8683,0.0
8684,0.0
8685,0.2
8687,0.4
8688,0.0
8689,0.0
8690,0.0
8691,0.1
8692,0.0
8693,0.0
8694,0.2
8695,0.1
8696,0.6
8697,1.8
8698,0.5
8699,0.5
8700,0.3
8701,0.9
8702,0.2
8703,0.0
8704,0.0
8705,0.0
8706,0.2
8707,0.1
8708,0.2
8709,0.0
8710,0.0
8713,0.0
8715,0.1
8716,0.0
8717,0.0
8718,0.0
8719,0.3
8720,0.1
8722,0.0
8723,0.0
8724,0.2
8725,0.0
8726,0.2
8727,0.0
8728,0.0
8729,0.0
8730,0.4
8731,0.1
8733,0.2
8734,0.1
8735,0.0
8736,0.6
8737,0.1
8738,0.0
8739,0.0
8740,0.6
8741,0.3
8742,0.0
8743,0.0
8744,0.0
8745,1.0
8746,0.0
8747,0.1
8748,0.1
8749,0.0
8750,0.0
8751,0.0
8753,0.2
8754,0.1
8755,0.0
8756,0.0
8757,0.0
8759,0.0
8761,0.7
8763,0.0
8764,0.3
8765,0.1
8766,0.7
8767,0.0
8768,0.4
8769,0.0
8770,0.1
8771,0.5
8772,0.0
8773,0.0
8774,0.1
8775,0.6
8776,0.1
8778,0.0
8779,0.0
8780,0.0
8781,0.0
8782,0.1
8783,0.4
8784,0.0
8785,0.0
8786,0.1
8787,0.1
8788,0.1
8789,0.1
8790,0.0
8791,3.0
8792,0.2
8793,0.0
8794,0.2
8795,0.0
8796,0.0
8797,0.0
8798,0.3
8799,0.0
8800,0.0
8801,0.4
8802,0.1
8803,1.0
8804,0.0
8805,0.4
8806,0.5
8807,0.0
8808,0.0
8810,0.0
8811,0.0
8812,0.1
8813,0.1
8814,0.1
8815,0.4
8816,0.0
8817,14.6
8818,0.1
8819,0.4
8821,0.0
8822,0.3
8823,0.0
8824,0.0
8825,11.1
8826,0.0
8827,0.0
8829,0.2
8830,0.0
8831,0.0
8832,0.3
8833,0.4
8834,0.0
8835,0.1
8836,0.2
8837,0.3
8838,0.0
8840,0.0
8841,0.1
8842,0.0
8843,0.3
8844,0.6
8845,0.1
8846,0.0
8847,0.0
8848,0.0
8849,0.1
8850,0.0
8851,0.0
8852,0.3
8853,0.0
8854,0.3
8855,0.1
8856,0.0
8858,0.7
8859,0.0
8860,0.2
8861,0.0
8862,0.0
8864,0.0
8865,0.1
8866,0.0
8867,0.0
8868,0.0
8869,0.0
8871,0.0
8872,0.0
8873,0.0
8876,0.0
8877,1.8
8878,0.4
8879,0.0
8880,0.0
8882,0.2
8883,0.0
8884,0.1
8886,0.2
8887,0.0
8888,0.0
8889,0.0
8890,0.2
8891,0.0
8892,0.0
8893,0.0
8894,0.0
8895,0.0
8897,0.9
8898,0.2
8900,0.2
8901,0.3
8902,0.0
8903,0.0
8904,0.0
8905,0.0
8906,0.2
8907,0.0
8908,0.0
8909,0.0
8910,0.0
8911,0.0
10221,4.0
8912,0.0
8915,0.0
8916,0.1
8917,0.4
8918,0.0
8919,0.0
8920,0.1
8921,0.1
8923,0.0
8924,0.0
8925,0.4
8927,0.0
8928,0.0
8929,0.0
8930,0.2
8932,0.3
8933,0.0
8934,0.0
8936,0.0
8937,0.0
8938,0.0
8939,0.1
8940,0.0
8942,0.0
8943,0.5
8945,0.1
8946,0.0
8947,0.0
8948,0.0
8949,0.5
8950,0.0
8951,0.0
8952,0.0
8954,0.1
8955,0.3
8957,0.0
8958,0.0
8959,0.0
8961,0.2
8962,0.0
8963,0.1
8964,0.4
8965,0.1
8966,0.0
8967,0.2
8968,0.1
8969,0.0
8970,0.0
8971,0.1
8972,0.0
8973,0.1
8974,0.0
8975,0.0
8976,0.0
8977,0.0
8978,0.1
8979,0.0
8980,0.0
8981,0.0
8982,0.0
8983,0.0
8984,0.0
8985,0.2
8986,0.0
8987,0.1
8988,0.0
8990,0.0
8991,0.0
8992,0.0
8993,0.0
8994,0.0
8995,0.0
8996,0.2
8997,0.0
8998,0.3
8999,0.0
9000,0.2
9001,0.1
9002,0.0
9003,0.0
9004,0.5
9005,0.0
9006,0.0
9007,0.0
9008,0.0
9009,0.2
9011,0.0
9013,0.0
9014,0.1
9015,0.1
9016,0.2
9017,0.2
9019,0.0
9020,0.0
9021,0.2
9022,0.7
9023,0.0
9024,0.1
9025,0.0
9027,0.0
9028,0.0
9029,0.4
9030,0.2
9031,0.1
9032,0.0
9033,0.8
9034,0.0
9035,0.1
9036,0.0
9037,0.3
9038,0.1
9039,0.1
9041,21.7
9042,0.5
9043,0.1
9044,0.5
9047,0.4
9048,0.0
9049,0.0
9050,0.0
9052,0.1
9053,0.0
9054,0.0
9055,0.0
9056,0.0
9057,0.0
9058,0.0
9059,0.2
9060,0.0
9061,0.0
9062,0.0
9063,0.1
9064,0.0
9065,0.5
9066,1.4
9067,0.1
9068,0.4
9069,0.0
9071,0.1
9072,0.0
9073,0.0
9074,0.0
9075,0.0
9076,0.0
9077,0.5
9078,0.0
9079,0.0
9080,0.2
9081,0.5
9082,0.3
9083,0.1
9087,0.2
9088,0.0
9089,0.3
9090,0.1
9091,0.2
9093,0.1
9094,0.0
9095,0.0
9096,0.0
9097,0.1
9098,0.0
9099,0.0
9100,0.1
9101,0.0
9102,0.0
9103,0.0
9104,0.0
9105,0.1
9106,0.1
9107,0.0
9108,0.0
9109,0.0
9111,0.2
9112,0.2
9113,0.0
9114,0.0
9115,0.2
9117,0.7
9119,0.0
9120,0.0
9121,1.9
9122,1.6
9123,0.0
9124,0.1
9125,0.2
9126,0.0
9127,0.1
9128,0.0
9129,0.3
9130,0.2
9131,0.0
9133,0.1
9134,0.2
9135,0.0
9137,0.2
9138,0.0
9139,0.0
9140,0.0
9141,0.0
9142,0.1
9143,0.1
9144,0.1
9145,14.4
9146,0.6
9147,0.5
9148,0.0
9149,0.0
9150,0.0
9151,0.3
9152,0.0
9154,0.0
9155,0.0
9157,0.4
9159,0.0
9160,0.1
9161,1.2
9162,0.0
9163,0.4
9165,0.1
9166,0.0
9167,0.1
9168,0.0
9169,0.2
9171,0.0
9172,0.0
9174,0.1
9175,0.0
9176,2.1
9177,0.0
9178,0.0
9179,0.8
9180,0.0
9181,0.0
9182,0.0
9183,0.2
9184,0.9
9186,0.1
9187,0.4
9188,0.0
9189,0.4
9190,0.0
9191,0.0
9192,0.0
9193,0.1
9194,0.3
9195,0.1
9196,0.0
9197,0.5
9198,1.4
9199,0.0
9200,0.0
9201,0.0
9202,0.2
9203,0.1
9205,0.0
9206,0.1
9207,0.3
9208,0.1
9209,0.0
9210,0.0
9211,0.0
9212,0.2
9213,1.6
9214,0.1
9216,0.0
9217,0.0
9218,0.3
9219,0.0
9220,0.0
9221,0.0
9222,0.0
9223,0.0
9224,0.1
9225,1.1
9226,12.0
9227,0.0
9228,0.0
9229,0.0
9230,0.0
9231,0.1
9233,0.2
9234,0.1
9235,0.0
9236,1.6
9237,0.0
9239,0.0
9241,0.1
9242,0.0
9243,0.0
9244,0.2
9246,0.0
9247,0.0
9248,0.1
9249,0.4
9250,0.1
9251,0.1
9252,0.0
9253,0.1
9254,0.0
9255,6.2
9256,0.4
9258,0.2
9259,0.0
9260,0.3
9261,0.0
9262,0.0
9263,6.4
9265,0.3
9266,0.1
9267,0.0
9268,0.0
9269,0.0
9271,0.1
9272,0.0
9273,0.7
9274,0.3
9275,0.5
9276,0.2
9277,0.1
9278,0.6
9279,0.1
9280,0.2
9281,0.0
9282,0.0
9283,0.4
9284,0.0
9285,0.0
9286,0.2
9287,0.0
9288,0.0
9289,0.0
9290,0.0
9291,0.1
9292,0.2
9293,0.0
9294,0.0
9295,0.0
9296,0.0
9297,0.0
9298,0.0
9299,0.0
9301,0.0
9302,0.2
9303,0.0
9304,0.8
9305,0.2
9306,0.0
9307,0.0
9308,0.0
9310,0.0
9311,0.0
9312,0.0
9313,0.0
9314,0.0
9315,0.1
9316,0.4
9317,0.1
9318,0.0
9319,0.2
9320,0.0
9321,0.0
9323,0.2
9324,0.0
9326,0.0
9327,0.0
9328,0.0
9330,0.1
9331,0.0
9332,0.0
9333,0.0
9334,0.1
9335,0.0
9336,0.0
9337,0.0
9338,0.0
9339,0.0
9340,0.0
9341,5.8
9342,0.0
9343,0.1
9344,0.1
9347,0.0
9348,0.0
9349,0.0
9350,0.3
9351,0.0
9352,0.0
9353,0.0
9354,0.0
9355,0.0
9357,0.0
9359,0.1
9360,0.0
9361,0.0
9362,0.1
9363,0.6
9365,0.0
9366,0.0
9367,0.0
9368,0.1
9369,0.2
9371,0.0
9372,0.1
9373,0.0
9374,0.0
9375,0.1
9376,0.2
9377,0.0
9378,0.0
9379,0.0
9380,0.6
9381,0.2
9382,1.3
9383,0.0
9384,0.2
9385,0.1
9386,0.0
9387,0.0
9388,0.8
9389,0.1
9390,0.0
9391,0.0
9392,0.1
9393,0.0
9394,0.1
9395,0.0
9396,0.0
9397,0.6
9398,0.0
9399,0.0
9400,0.0
9401,0.0
9402,0.0
9403,0.0
9404,0.0
9405,0.0
9408,0.0
9409,0.9
9410,0.0
9411,0.4
9412,0.0
9413,0.0
9414,0.0
9415,0.0
9416,0.0
9418,0.2
9419,0.3
9420,0.4
9421,0.0
9422,0.0
9423,0.1
9424,0.0
9425,0.0
9426,0.2
9427,0.3
9429,0.0
9430,0.0
9431,0.8
9432,0.0
9433,0.5
9434,0.2
9435,0.0
9436,0.0
9437,0.0
9438,0.0
9440,0.3
9441,0.0
9442,0.0
9443,0.0
9444,0.1
9445,0.1
9446,0.2
9447,0.7
9448,0.0
9450,0.0
9451,0.1
9452,0.4
9453,0.0
9454,0.0
9455,0.0
9456,0.0
9457,0.0
9458,0.0
9460,0.0
9461,0.0
9462,0.0
9463,0.0
9464,0.0
9466,0.0
9467,0.3
9468,0.0
9469,0.1
9470,0.7
9471,0.0
9472,0.2
9473,0.0
9474,0.0
9475,0.1
9476,0.0
9477,0.0
9478,0.3
9479,0.0
9480,0.0
9481,0.1
9482,0.0
9483,0.6
9484,0.2
9485,0.0
9486,0.1
9487,0.1
9488,0.2
9489,0.3
9490,0.0
9491,0.0
9492,0.0
9493,0.2
9494,10.5
9495,0.0
9496,0.0
9497,0.0
9498,0.3
9499,0.5
9500,0.3
9501,0.0
9502,0.4
9503,0.2
9505,14.5
9506,0.0
9508,0.0
9509,0.0
9510,0.1
9511,0.1
9512,0.0
9513,0.0
9515,0.0
9517,0.0
9519,0.4
9520,0.2
9521,0.0
9522,0.1
9523,0.0
9524,0.5
9525,0.0
9526,0.0
9530,0.0
9531,0.3
9532,0.1
9533,0.0
9534,0.2
9535,0.0
9536,0.0
9537,0.0
9538,0.0
9539,0.3
9540,0.0
9541,0.0
9542,0.0
9543,0.0
9544,0.2
9545,0.5
9546,0.0
9547,0.0
9548,0.1
9549,0.0
9550,0.0
9551,0.0
4073,0.0
9552,0.3
9553,0.1
9554,0.0
9555,0.1
9557,0.3
9558,0.1
9559,0.3
9560,0.2
9561,0.1
9563,0.0
9564,0.2
9566,0.1
9567,0.0
9568,0.0
9569,0.0
9570,0.0
9571,0.0
9572,0.0
9573,0.0
9574,0.1
9575,0.0
9576,0.2
9577,0.4
9578,0.7
9579,0.0
9580,0.0
9581,0.1
9582,2.5
9583,0.1
9584,0.0
9585,0.0
9586,0.0
9587,0.3
9588,0.2
9589,0.2
9590,0.1
9592,0.0
9593,0.0
9596,0.0
9598,0.0
9599,0.0
9601,0.2
9602,0.0
9603,0.0
9604,0.0
9605,0.4
9606,0.6
9607,0.1
9608,0.0
9609,1.6
9610,0.0
9611,0.0
9613,1.3
9614,0.0
9615,2.7
9616,0.0
9617,0.9
9619,0.3
9621,0.1
9622,0.0
9623,0.0
9624,0.0
9625,0.0
9626,0.0
9627,0.2
9628,0.0
9629,0.0
9631,0.6
9632,0.1
9633,0.9
9634,0.0
9635,0.0
9636,0.1
9637,0.0
9638,0.0
9639,0.0
9640,0.0
9641,1.0
9642,0.0
9643,0.3
9644,0.0
9645,0.0
9646,0.0
9647,0.1
9649,0.0
9650,0.0
9651,0.2
9652,0.0
9653,0.1
9654,0.0
9655,9.6
9656,29.3
9657,0.0
9658,0.0
9659,0.1
9660,0.0
9661,0.3
9664,0.0
9665,0.0
9666,0.1
9667,0.0
9668,0.0
9669,0.0
9670,0.0
9672,0.0
9673,0.0
9674,0.0
9676,0.0
9677,0.0
9678,0.1
9679,0.3
9680,0.1
9681,0.0
9682,0.0
9683,0.0
9685,0.0
9686,0.3
9687,0.3
9689,0.0
9690,0.0
9691,0.0
9692,0.1
9693,0.4
9694,0.0
9695,0.0
9696,0.0
9697,0.0
9698,0.0
9699,0.2
9700,0.0
9701,0.1
9702,0.1
9703,0.0
9704,0.8
9705,0.7
9706,0.0
9707,0.1
9708,0.8
9710,0.1
9711,0.7
9713,0.0
9714,0.2
9715,0.0
9716,0.4
9717,0.0
9718,0.0
9719,0.2
9720,0.0
9721,0.8
9722,0.1
9723,0.1
9724,0.2
9726,0.1
9727,0.2
9728,0.0
9729,0.2
9730,1.2
9731,0.7
9732,0.0
9733,0.0
9734,0.0
9735,0.0
9736,0.2
9737,0.0
9738,0.0
9739,0.0
9740,0.2
9741,0.1
9744,0.0
9745,0.0
9747,0.1
9748,1.9
9749,0.0
9750,0.0
9751,0.0
9752,0.1
9753,0.0
9754,0.1
9755,0.0
9756,0.0
9757,0.1
9758,0.1
9759,0.3
9761,0.0
9762,0.5
9763,0.2
9764,0.2
9765,0.0
9766,0.7
9768,0.0
9769,0.0
9770,0.1
9771,0.0
9772,0.7
9773,0.4
9774,0.0
9775,0.4
9776,0.2
9777,0.3
9778,0.1
9779,0.0
9780,0.0
9781,0.0
9783,0.0
9784,0.0
9785,0.1
9786,0.5
9787,0.0
9788,0.0
9789,0.0
9790,0.0
9791,0.1
9792,0.5
9793,0.0
9794,0.0
9795,0.1
9796,0.0
9797,0.0
9798,0.1
9799,0.4
9800,0.0
9801,0.0
9802,0.0
9803,0.0
9804,0.0
9805,0.5
9806,0.0
9808,0.2
9809,1.6
9810,0.1
9811,0.6
9812,0.0
9813,0.2
9814,0.6
9815,0.0
9816,0.0
9817,0.1
9818,0.1
9819,0.1
9821,0.0
9822,0.1
9823,0.1
9824,0.0
9825,0.0
9826,1.3
9827,0.0
9828,0.0
9830,0.1
9832,0.0
9833,0.1
9834,0.0
9836,0.1
9837,0.0
9838,0.0
9840,0.0
9843,0.0
9844,0.3
9845,0.5
9846,0.4
9847,0.0
9848,0.0
9849,0.0
9850,0.0
9853,0.0
9854,0.0
9855,0.0
9856,0.0
9858,0.0
9860,0.0
9861,0.0
9862,2.1
9863,4.2
9864,0.0
9865,0.0
9866,0.0
9867,0.0
9869,0.0
9870,0.0
9871,0.3
9872,0.0
9873,0.0
9874,0.0
9876,0.0
9877,0.1
9878,0.0
9879,0.0
9880,1.8
9881,0.0
9882,0.0
9883,0.0
9884,0.0
9885,7.0
9886,0.3
9887,0.0
9888,0.1
9889,0.0
9891,0.2
9892,0.0
9893,0.0
9894,0.1
9895,0.3
9896,0.1
9897,0.0
9898,0.0
9899,0.0
9900,0.0
9901,0.1
9902,0.0
9903,0.1
9904,0.0
9905,0.0
9906,0.1
9908,0.0
9909,0.1
9910,0.0
9911,0.1
9912,0.5
9914,0.2
9915,0.0
9916,0.2
9917,0.0
9918,0.1
9919,0.0
9920,0.0
9921,0.0
9922,0.1
9923,0.6
9924,0.7
9925,0.0
9926,0.0
9927,0.0
9928,0.0
9931,0.0
9932,0.0
9934,0.1
9935,0.2
9936,0.1
9937,0.1
9938,0.1
9939,0.2
9940,0.1
9941,0.2
9942,0.1
9943,0.0
9945,0.5
9946,0.2
9948,0.0
9949,0.0
9950,0.0
9952,0.0
9953,0.0
9954,0.4
9955,0.0
9956,0.2
9958,0.1
9959,0.1
9960,0.2
9962,0.0
9963,0.0
9964,0.2
9965,0.5
9966,0.0
5315,32.1
9967,0.1
9968,0.0
9969,0.1
9970,0.5
9971,0.3
9973,1.0
9974,0.2
9975,0.0
9977,0.1
9978,0.1
9979,0.2
9980,0.0
9982,0.2
9983,0.0
9984,1.0
9985,0.0
9986,0.0
9987,0.0
9989,0.0
9990,1.1
9991,0.1
9992,0.0
9993,0.0
9994,0.0
9995,0.1
9996,0.0
9997,0.2
9998,0.6
9999,0.0
10000,0.1
10001,0.1
10002,0.0
10004,0.0
10006,0.0
10007,0.4
10008,0.1
10009,0.0
10010,17.1
10011,0.5
10013,0.0
10014,0.1
10015,0.0
10017,0.0
10018,0.0
10020,0.1
10021,1.0
10022,0.0
10023,0.2
10024,0.1
10025,0.0
10026,0.0
10027,0.0
10029,0.1
10030,0.1
10031,0.2
10032,0.2
10033,0.0
10034,0.0
10035,0.0
10036,0.0
10037,0.3
10038,0.0
10039,0.1
10040,0.1
10041,0.0
10042,0.2
10043,0.0
10044,0.0
10045,0.3
10047,0.0
10048,0.1
10049,0.2
10050,0.0
10051,0.1
10052,0.2
10053,0.1
10054,0.5
10055,0.0
10056,0.0
10057,0.1
10058,0.0
10059,0.0
10060,0.0
10061,0.0
10062,0.0
10063,0.0
10064,0.1
10065,0.0
10066,0.0
10067,0.9
10068,0.0
10069,0.2
10070,0.0
10071,0.0
10072,0.1
10073,0.1
10074,0.1
10075,0.0
10076,0.0
10077,0.1
10078,0.0
10079,0.1
10080,0.0
10081,0.0
10082,0.0
10083,0.0
10084,0.0
10085,0.0
10086,0.0
10087,0.0
10089,0.0
10090,0.1
10091,0.0
10092,0.3
10093,0.0
10094,0.5
10095,0.1
10096,0.0
10097,0.0
10098,0.0
10099,0.0
10100,0.1
10101,0.9
10102,0.2
10103,0.0
10104,0.0
10105,0.1
10106,0.0
10107,0.0
10108,0.0
10109,0.1
10110,0.0
10111,0.0
10112,0.2
10113,0.1
10114,0.0
10116,0.1
10118,0.0
10119,0.0
10120,0.0
10121,0.1
10122,0.0
10123,0.1
10124,0.0
10125,0.2
10126,0.0
10127,0.0
10128,0.0
10129,0.0
10130,0.0
10131,0.2
10132,0.0
10133,4.4
10134,0.2
10135,0.0
10136,0.2
10138,0.0
10139,0.1
3364,0.1
10140,0.0
10141,0.1
10142,0.0
10143,0.0
10144,0.4
10145,0.4
10146,0.0
10147,0.2
10148,0.0
10149,0.0
10150,0.0
10151,0.0
10152,0.0
10153,0.0
10154,0.0
10155,0.0
10156,0.0
10158,0.1
10159,0.0
10160,0.1
10161,0.0
10162,0.0
10163,0.0
10164,0.0
10165,0.1
10166,0.2
10167,16.6
10168,0.4
10169,0.0
10170,0.2
10171,0.0
10172,0.0
10173,0.0
10174,0.5
10175,0.3
10176,0.0
10177,0.0
10178,0.0
10179,0.1
10180,0.0
10182,0.1
10183,0.0
10184,0.0
10185,0.1
10186,0.6
10187,0.0
10188,0.0
10190,0.8
10191,0.1
10192,0.3
10193,0.0
10194,0.1
10195,0.1
10196,0.3
10197,0.0
10198,0.0
10199,0.0
10200,0.1
10201,0.0
10202,0.2
10203,0.0
10204,0.0
10205,0.0
10206,0.1
10208,0.0
10210,0.5
10214,0.1
10216,1.1
10217,0.1
10218,1.1
10219,1.1
10220,1.1
10222,0.2
10226,0.2
10228,0.5
10230,0.5
10231,0.5
10232,0.2
10234,0.5
10237,0.1
10241,1.1
10248,0.5
10251,0.5
10252,0.1
10253,1.1
10256,1.1
10258,1.1
10262,0.1
10267,1.1
10268,0.1
10270,1.1
10273,0.1
10275,1.1
10276,0.5
10280,0.2
10282,0.2
10289,0.1
10290,1.1
10291,0.5
10294,0.1
10300,0.5
10302,0.5
10308,0.2
10310,1.1
10312,0.1
10314,0.1
10315,1.1
10316,0.1
10318,1.1
10322,0.1
10324,0.1
10326,0.2
10328,1.1
10330,0.5
10333,1.1
10335,0.1
10337,1.1
10340,0.1
10343,0.2
10344,1.1
10345,0.5
10347,1.1
10353,0.2
10355,1.1
10356,0.5
10357,0.5
10358,0.5
10359,0.2
10361,0.2
10362,0.1
10367,1.1
10369,1.1
10370,0.1
10371,1.1
10377,1.1
10381,0.5
10382,1.1
10385,1.1
10386,0.1
10390,1.1
10394,0.5
10395,1.1
10396,0.5
10399,1.1
10401,1.1
10403,0.5
10404,1.1
10405,1.1
10416,1.1
10417,0.2
10418,0.5
10419,0.5
10426,0.5
10430,0.2
8583,1.1
10432,0.5
10433,1.1
10434,0.1
10435,0.2
10436,0.2
10438,0.5
10439,1.1
10441,0.1
10443,1.1
10446,1.1
10447,1.1
10448,1.1
10450,1.1
10451,0.1
10453,0.2
10455,0.1
10456,0.5
10457,1.1
10458,1.1
10461,0.5
10464,1.1
10465,1.1
10467,0.2
10468,0.2
10470,0.5
10471,0.5
10476,1.1
10485,0.1
10487,0.1
10488,1.1
10493,0.5
10495,0.2
10501,1.1
10503,1.1
10504,0.1
10505,0.5
10507,1.1
10508,2.1
10510,0.5
10515,0.2
10516,0.2
10517,0.5
10519,0.5
10524,0.5
10525,1.1
10526,0.5
10529,0.1
10530,0.5
10531,1.1
10532,0.2
10534,1.1
10536,1.1
10543,0.5
10545,0.1
10546,0.1
10547,0.2
10548,0.1
10549,0.1
10550,0.1
10551,1.2
10552,0.5
10553,0.3
10554,0.1
10555,0.2
10556,0.2
10557,0.1
10558,0.3
10559,0.5
10560,0.1
10561,0.3
10562,0.1
10563,0.1
10564,0.1
10565,0.1
10566,0.1
10567,1.7
10568,0.1
10569,0.1
10570,0.1
10571,0.1
10572,0.1
9417,0.2
10573,0.1
10574,0.1
10575,0.1
10576,0.3
10577,0.1
10578,0.4
10579,1.3
10580,0.1
10581,0.1
10582,1.7
10583,1.1
10584,0.4
10585,0.1
10586,0.1
10587,0.1
10588,0.2
10589,0.1
10590,0.1
10591,0.1
10592,0.1
10593,0.1
10594,0.1
10595,0.1
10596,0.2
10597,0.1
10598,0.3
10599,0.2
10600,0.1
10601,0.3
10602,0.1
10603,0.1
10604,0.1
10605,0.1
10606,0.1
10607,0.1
10608,0.1
10609,0.1
7113,0.1
10610,0.2
10611,1.0
10612,0.1
10613,0.1
10614,0.1
10615,0.1
10616,0.8
10617,1.5
10618,0.1
10619,0.1
10620,0.1
10621,0.3
10622,0.1
10623,0.1
10624,1.0
10625,0.1
10626,0.1
10627,0.1
10628,0.3
10629,0.1
10630,0.2
10631,0.2
10632,0.2
10633,0.2
10634,0.1
10635,0.4
10636,0.1
10637,0.1
10638,0.4
10639,0.1
10640,0.1
10641,0.1
10642,0.4
10643,0.1
10644,0.4
10645,0.3
10646,0.1
10647,0.2
10648,0.2
10649,0.1
10650,0.1
10651,0.2
10652,0.2
10653,0.2
10654,0.1
10655,0.1
10656,0.1
10657,0.5
10658,0.1
10659,0.2
10660,0.1
10661,0.1
10662,0.1
10663,0.1
10664,0.2
10665,0.1
10666,0.1
10667,0.1
10668,0.1
10669,0.3
10670,0.2
10671,0.1
10672,0.1
10673,1.7
10674,0.3
10675,0.4
10676,0.1
10677,0.1
10678,0.1
10679,0.1
10680,0.1
10681,0.1
10682,0.3
10683,0.1
10684,0.1
10685,0.2
10686,0.1
10687,0.1
10688,0.1
10689,0.2
10690,1.2
10691,0.2
10692,0.1
10693,0.3
10694,0.2
10695,0.5
10696,0.3
10697,0.1
10698,0.4
10699,0.8
7385,0.1
10700,0.1
10701,0.1
10702,0.3
10703,0.2
10704,0.1
10705,1.4
10706,0.1
10707,0.1
10708,0.4
10709,0.4
10710,0.1
10711,0.3
